,,ANGER,FEAR,SADNESS,JOY,DISGUST,TRUST,SURPRISE,ANTICIPATION,POSITIVE,NEGATIVE
VB,abandon,0,1,1,0,0,0,0,0,0,1
VB,abandoned,0,1,1,0,0,0,0,0,0,1
VB,abhor,1,0,0,0,1,0,0,0,0,1
VB,abolish,0,0,0,0,0,0,0,0,0,0
VB,absent,0,0,0,0,0,0,0,0,0,0
VB,abuse,1,1,1,0,1,0,0,0,0,1
VB,accelerate,0,0,0,0,0,0,0,1,0,0
VB,accomplish,0,0,0,1,0,0,0,0,1,0
VB,accord,0,0,0,0,0,1,0,0,1,0
VB,account,0,0,0,0,0,1,0,0,1,0
VB,accredit,0,0,0,0,0,1,0,0,1,0
VB,accurse,0,1,0,0,1,0,0,0,0,1
VB,accuse,1,1,0,0,1,0,0,0,0,1
VB,ache,0,0,1,0,0,0,0,0,0,1
VB,achieve,0,0,0,1,0,1,0,0,1,0
VB,acquire,0,0,0,0,0,0,0,1,0,0
VB,address,0,0,0,0,0,0,0,0,0,0
VB,adhere,0,0,0,0,0,1,0,0,1,0
VB,adjudicate,0,0,0,0,0,0,0,0,0,0
VB,admire,0,0,0,0,0,1,0,0,1,0
VB,adore,0,0,0,1,0,1,0,1,1,0
VB,advance,0,0,0,1,0,0,0,1,1,0
VB,adventure,0,0,0,0,0,0,0,1,0,0
VB,advise,0,0,0,0,0,0,0,0,0,0
VB,advocate,0,0,0,0,0,0,0,0,0,0
VB,affirm,0,0,0,0,0,1,0,0,1,0
VB,afflict,0,0,1,0,1,0,0,0,0,1
VB,affront,1,1,1,0,1,0,0,0,0,1
VB,aggravate,1,0,0,0,0,0,0,0,0,1
VB,agitate,1,0,0,0,0,0,0,0,0,1
VB,agonize,0,1,0,0,0,0,0,0,0,1
VB,agree,0,0,0,0,0,0,0,0,0,0
VB,ail,0,0,1,0,0,0,0,0,0,1
VB,air,0,0,0,0,0,0,0,0,0,0
VB,alarm,0,1,0,0,0,0,1,0,0,1
VB,alert,0,1,0,0,0,0,1,1,0,1
VB,alien,0,0,0,0,0,0,0,0,0,0
VB,alienate,0,0,0,0,1,0,0,0,0,1
VB,allure,0,0,0,0,1,0,0,1,0,1
VB,ally,0,0,0,0,0,1,0,0,1,0
VB,amaze,0,0,0,1,0,0,1,0,1,0
VB,ambition,0,0,0,0,0,0,0,1,0,0
VB,ambush,1,1,0,0,0,0,1,0,0,1
VB,amnesty,0,0,0,1,0,0,0,0,1,0
VB,amuse,0,0,0,1,0,0,0,0,1,0
VB,anger,1,0,0,0,0,0,0,0,0,1
VB,angle,0,0,0,0,0,0,0,0,0,0
VB,anguish,1,1,1,0,0,0,0,0,0,1
VB,animate,0,0,0,1,0,0,0,0,1,0
VB,annihilate,1,1,0,0,0,0,0,0,0,1
VB,annoy,1,0,0,0,1,0,0,0,0,1
VB,apologize,0,0,1,0,0,1,0,0,1,1
VB,appal,0,1,0,0,1,0,0,0,0,1
VB,appeal,0,0,0,0,0,0,0,0,0,0
VB,apprehend,0,1,0,0,0,0,0,0,0,1
VB,apprentice,0,0,0,0,0,0,0,0,0,0
VB,approve,0,0,0,0,0,1,0,0,1,0
VB,argue,1,0,0,0,0,0,0,0,0,1
VB,arm,0,0,0,0,0,0,0,0,0,0
VB,armor,0,0,0,0,0,0,0,0,0,0
VB,arouse,0,0,0,0,0,0,0,1,0,0
VB,arrive,0,0,0,0,0,0,0,0,0,0
VB,ash,0,0,1,0,0,0,0,0,0,1
VB,aspire,0,0,0,1,0,0,0,1,1,0
VB,assail,1,1,0,0,0,0,1,0,0,1
VB,assassinate,1,1,0,0,0,0,0,0,0,1
VB,assault,1,1,0,0,0,0,0,0,0,1
VB,assert,0,0,0,0,0,1,0,0,1,0
VB,assist,0,0,0,0,0,1,0,0,1,0
VB,associate,0,0,0,0,0,0,0,0,0,0
VB,assure,0,0,0,0,0,1,0,0,1,0
VB,atone,0,0,0,1,0,1,0,1,1,0
VB,atrophy,0,0,1,0,1,0,0,0,0,1
VB,attack,1,1,0,0,0,0,0,0,0,1
VB,attempt,0,0,0,0,0,0,0,1,0,0
VB,attest,0,0,0,0,0,1,0,0,1,0
VB,auction,0,0,0,0,0,0,0,0,0,0
VB,authenticate,0,0,0,0,0,1,0,0,1,0
VB,author,0,0,0,0,0,0,0,0,0,0
VB,authorize,0,0,0,0,0,1,0,0,1,0
VB,autopsy,0,0,0,0,0,0,0,0,0,0
VB,avalanche,0,0,0,0,0,0,0,0,0,0
VB,avoid,0,0,0,0,0,0,0,0,0,0
VB,await,0,0,0,0,0,0,0,1,0,0
VB,award,0,0,0,1,0,0,1,1,1,0
VB,baby,0,0,0,1,0,0,0,0,1,0
VB,badge,0,0,0,0,0,0,0,0,0,0
VB,badger,0,0,0,0,1,0,0,0,0,1
VB,bait,0,1,0,0,1,0,0,0,0,1
VB,bale,0,0,0,0,0,0,0,0,0,0
VB,ballot,0,0,0,0,0,0,0,0,0,0
VB,bang,1,1,1,0,1,0,0,0,0,1
VB,banish,0,1,1,0,1,0,0,0,0,1
VB,bank,0,0,0,0,0,0,0,0,0,0
VB,bankrupt,0,1,1,0,0,0,0,0,0,1
VB,banquet,0,0,0,1,0,0,0,1,1,0
VB,barb,1,0,0,0,0,0,0,0,0,1
VB,barf,0,0,0,0,1,0,0,0,0,1
VB,bargain,0,0,0,0,0,1,0,0,1,0
VB,bark,1,0,0,0,0,0,0,0,0,1
VB,barricade,0,0,0,0,0,0,0,0,0,0
VB,barter,0,0,0,0,0,0,0,0,0,0
VB,base,0,0,0,0,0,0,0,0,0,0
VB,batter,1,1,0,0,0,0,0,0,0,1
VB,battle,1,0,0,0,0,0,0,0,0,1
VB,bayonet,1,1,0,0,0,0,0,0,0,1
VB,beach,0,0,0,0,0,0,0,0,0,0
VB,beam,0,0,0,1,0,0,0,0,1,0
VB,bear,0,0,0,0,0,0,0,0,0,0
VB,beat,1,1,1,0,0,0,0,0,0,1
VB,beautify,0,0,0,1,0,0,0,0,1,0
VB,befriend,0,0,0,1,0,1,0,0,1,0
VB,beg,0,0,0,0,1,0,0,0,0,1
VB,beggar,0,0,0,0,1,0,0,0,0,1
VB,begun,0,0,0,0,0,0,0,1,0,0
VB,believe,0,0,0,0,0,1,0,0,1,0
VB,belittle,0,0,1,0,1,0,0,0,0,1
VB,bellow,1,0,0,0,0,0,0,0,0,1
VB,belt,1,1,0,0,0,0,0,0,0,1
VB,bereave,0,0,1,0,0,0,0,0,0,1
VB,betray,0,0,1,0,1,0,0,0,0,1
VB,betroth,0,0,0,1,0,1,0,1,1,0
VB,beware,0,1,0,0,0,0,0,1,0,1
VB,bewilder,0,1,0,0,0,0,1,0,0,1
VB,bias,0,0,0,0,1,0,0,0,0,1
VB,bicker,1,0,0,0,1,0,0,0,0,1
VB,birch,0,0,0,0,0,0,0,0,0,0
VB,birth,0,0,0,1,0,0,0,1,1,0
VB,bitch,1,1,1,0,1,0,0,0,0,1
VB,black,0,0,0,0,0,0,0,0,0,0
VB,blackmail,1,1,0,0,0,0,0,0,0,1
VB,blame,1,0,0,0,1,0,0,0,0,1
VB,blanket,0,0,0,0,0,0,0,0,0,0
VB,blast,1,1,0,0,0,0,1,0,0,1
VB,blaze,1,0,0,0,0,0,0,0,0,1
VB,bleed,0,1,1,0,1,0,0,0,0,1
VB,blemish,1,1,1,0,1,0,0,0,0,1
VB,bless,0,0,0,1,0,1,0,1,1,0
VB,blight,0,0,1,0,1,0,0,0,0,1
VB,blindfold,0,0,0,0,0,0,0,0,0,0
VB,blister,0,0,0,0,1,0,0,0,0,1
VB,blitz,1,0,0,0,0,0,1,0,0,1
VB,bloat,0,0,0,0,1,0,0,0,0,1
VB,blob,0,0,0,0,1,0,0,0,0,1
VB,blockade,1,1,1,0,0,0,0,0,0,1
VB,bloody,1,1,1,0,1,0,0,0,0,1
VB,bloom,0,0,0,1,0,0,0,1,1,0
VB,blossom,0,0,0,1,0,0,0,1,1,0
VB,blue,0,0,0,0,0,0,0,0,0,0
VB,blunder,0,0,1,0,1,0,0,0,0,1
VB,board,0,0,0,0,0,0,0,0,0,0
VB,boil,0,0,0,0,0,0,0,0,0,0
VB,bomb,1,1,0,0,0,0,0,0,0,1
VB,bombard,1,1,0,0,0,0,0,0,0,1
VB,boomerang,0,0,0,0,0,0,0,1,0,0
VB,bother,1,0,1,0,0,0,0,0,0,1
VB,bottom,0,0,0,0,0,0,0,0,0,0
VB,box,0,0,0,0,0,0,0,0,0,0
VB,brawl,1,1,0,0,1,0,0,0,0,1
VB,brazen,1,0,0,0,0,0,0,0,0,1
VB,break,1,0,1,0,0,0,0,0,0,1
VB,brigade,1,1,0,0,0,0,0,0,0,1
VB,brighten,0,0,0,1,0,1,1,0,1,0
VB,broadside,0,0,0,0,0,0,0,1,0,0
VB,broil,0,0,0,0,0,0,0,0,0,0
VB,bruise,1,0,1,0,0,0,0,0,0,1
VB,buck,0,0,0,0,0,0,1,0,0,0
VB,budget,0,0,0,0,0,0,0,0,0,0
VB,buffet,1,0,0,0,0,0,0,0,0,1
VB,bug,0,0,0,0,1,0,0,0,0,1
VB,bugle,0,0,0,0,0,0,0,0,0,0
VB,bully,1,1,0,0,0,0,0,0,0,1
VB,bum,0,0,1,0,1,0,0,0,0,1
VB,bunker,0,0,0,0,0,0,0,0,0,0
VB,burke,1,1,1,0,1,0,0,0,0,1
VB,burlesque,0,0,0,0,0,0,0,0,0,0
VB,burnt,0,0,0,0,1,0,0,0,0,1
VB,bury,0,1,1,0,0,0,0,0,0,1
VB,buss,0,0,0,1,0,0,0,0,1,0
VB,bust,1,1,0,0,1,0,0,0,0,1
VB,butcher,0,0,0,0,0,0,0,0,0,0
VB,buzz,0,0,0,0,0,0,0,0,0,0
VB,cabal,0,1,0,0,0,0,0,0,0,1
VB,cable,0,0,0,0,0,0,0,0,0,0
VB,cage,0,0,1,0,0,0,0,0,0,1
VB,call,0,0,0,0,0,0,0,0,0,0
VB,callous,1,0,0,0,1,0,0,0,0,1
VB,camouflage,0,0,0,0,0,0,0,0,0,0
VB,campaign,0,0,0,0,0,0,0,0,0,0
VB,cancel,0,0,0,0,0,0,0,0,0,0
VB,cane,1,1,0,0,0,0,0,0,0,1
VB,canker,1,0,0,0,1,0,0,0,0,1
VB,cannon,1,1,0,0,0,0,0,0,0,1
VB,cap,0,0,0,0,0,0,0,0,0,0
VB,captivate,0,0,0,1,0,1,1,1,1,0
VB,career,0,0,0,0,0,0,0,1,0,0
VB,carol,0,0,0,1,0,0,0,0,1,0
VB,case,0,1,1,0,0,0,0,0,0,1
VB,cash,0,0,0,0,0,0,0,0,0,0
VB,cashier,0,0,1,0,1,0,0,0,0,1
VB,casket,0,1,1,0,0,0,0,0,0,1
VB,catch,0,0,0,0,0,0,1,0,0,0
VB,caution,1,1,0,0,0,0,0,1,0,1
VB,celecbrate,0,0,0,1,0,0,0,1,1,0
VB,cement,0,0,0,0,0,1,0,1,1,0
VB,censor,0,0,0,0,0,0,0,0,0,0
VB,center,0,0,0,0,0,0,0,0,0,0
VB,certify,0,0,0,0,0,1,0,0,1,0
VB,chaff,1,0,0,0,1,0,0,0,0,1
VB,chagrin,0,0,1,0,1,0,0,0,0,1
VB,chairman,0,0,0,0,0,1,0,0,1,0
VB,challenge,1,0,0,0,0,0,0,0,0,1
VB,champion,0,0,0,0,0,0,0,1,0,0
VB,chance,0,0,0,0,0,0,1,0,0,0
VB,change,0,0,0,0,0,0,0,0,0,0
VB,chant,0,0,0,0,0,0,0,0,0,0
VB,charm,0,0,0,1,0,0,0,0,1,0
VB,chart,0,0,0,0,0,0,0,0,0,0
VB,cheat,1,0,0,0,1,0,0,0,0,1
VB,cheer,0,0,0,1,0,0,1,0,1,0
VB,cherish,0,0,0,1,0,1,1,1,1,0
VB,chicane,1,0,0,0,1,0,0,0,0,1
VB,chirp,0,0,0,0,0,0,0,0,0,0
VB,choir,0,0,0,1,0,0,0,0,1,0
VB,choke,1,0,1,0,0,0,0,0,0,1
VB,chronicle,0,0,0,0,0,0,0,0,0,0
VB,chuckle,0,0,0,1,0,0,1,1,1,0
VB,church,0,0,0,0,0,0,0,0,0,0
VB,civilize,0,0,0,0,0,0,0,0,0,0
VB,clamor,1,0,0,0,1,0,0,0,0,1
VB,clap,0,0,0,1,0,0,1,0,1,0
VB,clash,1,0,0,0,0,0,0,0,0,1
VB,claw,1,1,0,0,0,0,0,0,0,1
VB,clean,0,0,0,0,0,0,0,0,0,0
VB,cleave,0,0,0,0,0,0,0,0,0,0
VB,climax,0,0,0,1,0,1,1,1,1,0
VB,clock,0,0,0,0,0,0,0,1,0,0
VB,closure,0,0,0,0,0,0,0,1,0,0
VB,cloud,0,0,0,0,0,0,0,0,0,0
VB,clown,0,0,0,1,0,0,1,1,1,0
VB,clue,0,0,0,0,0,0,0,0,0,0
VB,coach,0,0,0,0,0,0,0,0,0,0
VB,coalesce,0,0,0,0,0,0,0,0,0,0
VB,coax,0,0,0,0,0,0,0,0,0,0
VB,coerce,1,1,0,0,1,0,0,0,0,1
VB,coexist,0,0,0,0,0,1,0,0,1,0
VB,coffin,0,1,1,0,0,0,0,0,0,1
VB,collapse,0,1,1,0,1,0,0,0,0,1
VB,combat,1,1,0,0,0,0,0,0,0,1
VB,come,0,0,0,0,0,0,0,0,0,0
VB,comfort,0,0,0,1,0,1,0,1,1,0
VB,command,0,0,0,0,0,0,0,0,0,0
VB,commemorate,0,0,0,0,0,0,0,1,0,0
VB,commission,0,0,0,0,0,0,0,0,0,0
VB,commit,0,0,0,0,1,0,0,0,0,1
VB,communicate,0,0,0,0,0,0,0,0,0,0
VB,compact,0,0,0,0,0,0,0,0,0,0
VB,companion,0,0,0,0,0,1,0,0,1,0
VB,compass,0,0,0,0,0,0,0,0,0,0
VB,compensate,0,0,0,0,0,0,0,1,0,0
VB,complain,1,0,1,0,0,0,0,0,0,1
VB,complement,0,0,0,0,0,0,0,0,0,0
VB,complete,0,0,0,0,0,0,0,0,0,0
VB,complicate,1,0,0,0,0,0,0,0,0,1
VB,compliment,0,0,0,1,0,0,1,0,1,0
VB,compost,0,0,0,0,0,0,0,0,0,0
VB,compress,0,0,0,0,0,0,0,0,0,0
VB,conceal,0,0,0,0,0,0,0,0,0,0
VB,concern,0,0,0,0,0,0,0,0,0,0
VB,concord,0,0,0,0,0,1,0,0,1,0
VB,condemn,1,0,0,0,0,0,0,0,0,1
VB,confederate,0,0,0,0,0,1,0,0,1,0
VB,confess,0,1,1,0,0,0,0,0,0,1
VB,confide,0,0,0,0,0,1,0,0,1,0
VB,confine,1,1,1,0,0,0,0,0,0,1
VB,confirm,0,0,0,0,0,1,0,0,1,0
VB,confiscate,1,0,1,0,0,0,0,0,0,1
VB,conflict,1,0,0,0,0,0,0,0,0,1
VB,confront,1,0,0,0,0,0,0,0,0,1
VB,conglomerate,0,0,0,0,0,0,0,0,0,0
VB,conjecture,0,0,0,0,0,0,0,1,0,0
VB,conjure,0,0,0,0,0,0,1,0,0,0
VB,console,0,0,1,0,0,0,0,0,0,1
VB,consort,0,0,0,0,0,1,0,0,1,0
VB,conspire,0,0,0,0,1,0,0,0,0,1
VB,constitute,0,0,0,0,0,0,0,0,0,0
VB,constrain,0,1,0,0,0,0,0,0,0,1
VB,consult,0,0,0,0,0,1,0,0,1,0
VB,contaminate,0,0,0,0,1,0,0,0,0,1
VB,content,0,0,0,1,0,0,0,0,1,0
VB,continue,0,0,0,0,0,0,0,1,0,0
VB,contradict,1,0,0,0,0,0,0,0,0,1
VB,convict,0,1,1,0,1,0,0,0,0,1
VB,convince,0,0,0,0,0,0,0,1,0,0
VB,cooperating,0,0,0,0,0,1,0,0,1,0
VB,cop,0,0,0,0,0,0,0,0,0,0
VB,corroborate,0,0,0,0,0,1,0,0,1,0
VB,corrupt,0,0,0,0,1,0,0,0,0,1
VB,couch,0,0,0,0,0,0,0,0,0,0
VB,cough,0,0,0,0,0,0,0,0,0,0
VB,counsel,0,0,0,0,0,0,0,0,0,0
VB,count,0,0,0,0,0,0,0,0,0,0
VB,court,0,0,0,0,0,0,0,0,0,0
VB,covenant,0,0,0,0,0,1,0,0,1,0
VB,cover,0,0,0,0,0,0,0,0,0,0
VB,crack,0,0,0,0,0,0,0,0,0,0
VB,cradle,0,0,0,0,0,0,0,0,0,0
VB,cramp,0,0,0,0,0,0,0,0,0,0
VB,crap,0,0,0,0,1,0,0,0,0,1
VB,crash,0,1,1,0,0,0,1,0,0,1
VB,crave,0,0,0,0,0,0,0,1,0,0
VB,crawl,0,0,0,0,0,0,0,0,0,0
VB,craze,1,1,0,0,0,0,0,0,0,1
VB,cream,0,0,0,0,0,0,0,0,0,0
VB,create,0,0,0,0,0,0,0,0,0,0
VB,credit,0,0,0,0,0,1,0,0,1,0
VB,creep,0,0,0,0,0,0,0,0,0,0
VB,crescendo,0,0,0,0,0,0,0,0,0,0
VB,crew,0,0,0,0,0,0,0,0,0,0
VB,cringe,0,1,1,0,1,0,0,0,0,1
VB,cripple,0,1,1,0,0,0,0,0,0,1
VB,crisp,0,0,0,0,0,0,0,0,0,0
VB,criticize,1,0,1,0,1,0,0,0,0,1
VB,cross,0,0,0,0,0,0,0,0,0,0
VB,crouch,0,0,0,0,0,0,0,0,0,0
VB,crown,0,0,0,1,0,1,1,0,1,0
VB,crumble,0,0,1,0,0,0,0,0,0,1
VB,crunch,0,0,0,0,0,0,0,0,0,0
VB,crusade,1,1,0,0,0,0,0,0,0,1
VB,crush,1,0,0,0,1,0,0,0,0,1
VB,cry,0,0,1,0,0,0,0,0,0,1
VB,cube,0,0,0,0,0,0,0,0,0,0
VB,cuckold,0,0,0,0,1,0,0,0,0,1
VB,cuddle,0,0,0,1,0,1,0,0,1,0
VB,cue,0,0,0,0,0,0,0,1,0,0
VB,cultivate,0,0,0,0,0,0,0,1,0,0
VB,cup,0,0,0,0,0,0,0,0,0,0
VB,curse,1,0,1,0,1,0,0,0,0,1
VB,cuss,1,0,0,0,0,0,0,0,0,1
VB,cut,0,0,0,0,0,0,0,0,0,0
VB,dabble,0,0,0,0,0,0,0,0,0,0
VB,damage,1,0,1,0,1,0,0,0,0,1
VB,damn,1,0,0,0,1,0,0,0,0,1
VB,dance,0,0,0,1,0,0,0,0,1,0
VB,dare,0,0,0,0,0,1,0,1,1,0
VB,darken,0,0,0,0,0,0,0,0,0,0
VB,dart,0,0,0,0,0,0,0,0,0,0
VB,dash,0,0,0,0,0,0,0,0,0,0
VB,dawn,0,0,0,0,0,0,0,0,0,0
VB,deal,0,0,0,0,0,0,0,0,0,0
VB,decay,0,0,1,0,1,0,0,0,0,1
VB,decease,0,0,1,0,0,0,0,0,0,1
VB,deceive,1,0,1,0,1,0,0,0,0,1
VB,decompose,0,0,0,0,0,0,0,0,0,0
VB,decoy,0,0,0,0,0,0,1,0,0,0
VB,decry,1,0,0,0,0,0,0,0,0,1
VB,default,0,0,0,0,0,0,0,0,0,0
VB,defeat,0,0,0,1,0,0,0,0,1,0
VB,defect,0,0,0,0,1,0,0,0,0,1
VB,defend,0,0,0,0,0,1,0,0,1,0
VB,deflate,0,0,0,0,0,0,0,0,0,0
VB,deform,0,0,0,0,0,0,0,0,0,0
VB,defraud,0,0,0,0,1,0,0,0,0,1
VB,defy,1,1,1,0,0,0,0,0,0,1
VB,degrade,0,0,0,0,1,0,0,0,0,1
VB,delay,0,0,1,0,1,0,0,0,0,1
VB,delegate,0,0,0,0,0,1,0,0,1,0
VB,delight,0,0,0,1,0,0,0,1,1,0
VB,deluge,0,1,1,0,0,0,1,0,0,1
VB,demand,1,0,0,0,0,0,0,0,0,1
VB,demise,0,0,0,0,0,0,0,0,0,0
VB,demolish,1,0,1,0,0,0,0,0,0,1
VB,demoralize,0,1,1,0,0,0,0,0,0,1
VB,denounce,1,0,0,0,1,0,0,0,0,1
VB,deny,1,0,0,0,0,0,0,0,0,1
VB,depart,0,0,0,0,0,0,0,0,0,0
VB,depend,0,0,0,0,0,0,0,0,0,0
VB,deplore,1,0,1,0,1,0,0,0,0,1
VB,deport,0,0,0,0,0,0,0,0,0,0
VB,deprave,0,0,1,0,1,0,0,0,0,1
VB,depreciate,1,0,0,0,1,0,0,0,0,1
VB,depress,0,1,1,0,0,0,0,0,0,1
VB,derange,1,1,0,0,1,0,0,0,0,1
VB,desert,1,1,1,0,1,0,0,0,0,1
VB,deserve,0,0,0,0,0,1,0,1,1,0
VB,desist,0,0,0,0,1,0,0,0,0,1
VB,despair,0,0,1,0,0,0,0,0,0,1
VB,despise,1,0,0,0,1,0,0,0,0,1
VB,destine,0,0,0,0,0,0,0,1,0,0
VB,destroy,1,1,1,0,0,0,0,0,0,1
VB,deteriorate,0,0,1,0,1,0,0,0,0,1
VB,detest,1,0,0,0,1,0,0,0,0,1
VB,detonate,0,1,0,0,0,0,1,0,0,1
VB,detract,0,0,0,0,0,0,0,0,0,0
VB,devastate,1,1,1,0,0,0,0,0,0,1
VB,devastating,1,1,1,0,1,0,0,0,0,1
VB,develop,0,0,0,0,0,0,0,1,0,0
VB,devil,1,1,1,0,1,0,0,0,0,1
VB,die,0,1,1,0,0,0,0,0,0,1
VB,digress,0,0,0,0,0,0,0,0,0,0
VB,dike,0,0,0,0,0,0,0,0,0,0
VB,dilapidate,0,0,1,0,1,0,0,0,0,1
VB,diminish,0,0,0,0,0,0,0,0,0,0
VB,dirty,0,0,0,0,1,0,0,0,0,1
VB,disable,0,0,0,0,0,0,0,0,0,0
VB,disagree,1,0,0,0,0,0,0,0,0,1
VB,disallow,1,0,0,0,1,0,0,0,0,1
VB,disappear,0,1,0,0,0,0,0,0,0,1
VB,disappoint,1,0,1,0,1,0,0,0,0,1
VB,disapprove,1,0,1,0,1,0,0,0,0,1
VB,discipline,0,0,0,0,0,0,0,0,0,0
VB,disclaim,0,0,0,0,0,0,0,0,0,0
VB,disclose,0,0,0,0,0,0,0,0,0,0
VB,discolor,0,0,0,0,0,0,0,0,0,0
VB,disconnect,0,0,0,0,0,0,0,0,0,0
VB,discontent,1,0,1,0,1,0,0,0,0,1
VB,discord,1,0,0,0,1,0,0,0,0,1
VB,discourage,0,0,1,0,0,0,0,0,0,1
VB,discriminate,0,0,0,0,0,0,0,0,0,0
VB,disdain,1,0,0,0,1,0,0,0,0,1
VB,disembody,0,1,1,0,0,0,0,0,0,1
VB,disfigure,0,0,1,0,1,0,0,0,0,1
VB,disgrace,1,0,1,0,1,0,0,0,0,1
VB,disgruntle,1,0,1,0,1,0,0,0,0,1
VB,disgust,0,0,0,0,1,0,0,0,0,1
VB,dishearten,0,0,1,0,0,0,0,0,0,1
VB,dishonor,1,0,1,0,1,0,0,0,0,1
VB,disintegrate,0,0,0,0,0,0,0,0,0,0
VB,dislike,1,0,0,0,1,0,0,0,0,1
VB,dislocate,0,0,0,0,0,0,0,0,0,0
VB,dismay,1,1,1,0,0,0,0,0,0,1
VB,disobey,1,0,0,0,1,0,0,0,0,1
VB,disorder,0,1,0,0,0,0,0,0,0,1
VB,disparage,1,0,1,0,1,0,0,0,0,1
VB,dispel,0,0,1,0,0,0,0,0,0,1
VB,displace,0,0,0,0,0,0,0,0,0,0
VB,displease,1,0,1,0,1,0,0,0,0,1
VB,dispose,0,0,0,0,0,0,0,0,0,0
VB,dispossess,0,0,0,0,0,0,0,0,0,0
VB,dispute,1,0,0,0,0,0,0,0,0,1
VB,disqualify,0,0,0,0,0,0,0,0,0,0
VB,disregard,0,0,0,0,1,0,0,0,0,1
VB,disrespect,1,0,0,0,0,0,0,0,0,1
VB,distort,0,0,0,0,1,0,0,0,0,1
VB,distract,0,0,0,0,0,0,0,0,0,0
VB,distress,1,1,1,0,1,0,0,0,0,1
VB,distrust,0,0,0,0,1,0,0,0,0,1
VB,disturb,1,0,1,0,0,0,0,0,0,1
VB,divorce,1,1,1,0,1,0,0,0,0,1
VB,doctor,0,0,0,0,0,0,0,0,0,0
VB,dominate,0,0,0,0,0,0,0,0,0,0
VB,don,0,0,0,0,0,0,0,0,0,0
VB,doom,0,1,1,0,0,0,0,0,0,1
VB,doubt,0,0,0,0,0,0,0,0,0,0
VB,dove,0,0,0,0,0,0,0,0,0,0
VB,draft,0,0,0,0,0,0,0,0,0,0
VB,dread,0,1,0,0,0,0,0,1,0,1
VB,drivel,0,0,0,0,1,0,0,0,0,1
VB,drool,0,0,0,1,0,0,0,0,1,0
VB,drown,0,0,0,0,0,0,0,0,0,0
VB,drug,0,0,1,0,0,0,0,0,0,1
VB,duel,1,1,0,0,0,0,0,0,0,1
VB,dull,0,0,1,0,0,0,0,0,0,1
VB,dumps,1,0,1,0,0,0,0,0,0,1
VB,dung,0,0,0,0,0,0,0,0,0,0
VB,dupe,1,0,0,0,0,0,0,0,0,1
VB,dwarfed,0,0,0,0,0,0,0,0,0,0
VB,eagle,0,0,0,0,0,0,0,0,0,0
VB,elate,0,0,0,1,0,0,0,0,1,0
VB,elbow,1,0,0,0,0,0,0,0,0,1
VB,elect,0,0,0,0,0,0,0,0,0,0
VB,elucidate,0,0,0,0,0,1,0,0,1,0
VB,emaciate,0,0,1,0,0,0,0,0,0,1
VB,embarrass,0,0,1,0,0,0,0,0,0,1
VB,embrace,0,0,0,0,0,0,0,0,0,0
VB,emphasize,0,0,0,0,0,0,0,0,0,0
VB,employ,0,0,0,0,0,0,0,0,0,0
VB,enable,0,0,0,0,0,1,0,0,1,0
VB,enchant,0,0,0,1,0,0,1,0,1,0
VB,encourage,0,0,0,1,0,1,0,0,1,0
VB,endanger,0,1,0,0,0,0,0,1,0,1
VB,endeavor,0,0,0,0,0,0,0,1,0,0
VB,endow,0,0,0,0,0,1,0,0,1,0
VB,enforce,1,1,0,0,0,0,0,0,0,1
VB,engage,0,0,0,0,0,0,0,1,0,0
VB,engulf,0,0,0,0,0,0,0,0,0,0
VB,enjoy,0,0,0,1,0,0,0,1,1,0
VB,enlighten,0,0,0,1,0,1,0,0,1,0
VB,enliven,0,0,0,1,0,1,1,0,1,0
VB,enroll,0,0,0,0,0,0,0,1,0,0
VB,enslave,1,1,1,0,1,0,0,0,0,1
VB,entangle,1,1,1,0,1,0,0,0,0,1
VB,entertain,0,0,0,1,0,0,0,0,1,0
VB,entrust,0,0,0,0,0,1,0,0,1,0
VB,eradicate,1,0,0,0,0,0,0,0,0,1
VB,erase,0,0,0,0,0,0,0,0,0,0
VB,erupt,1,0,0,0,0,0,1,0,0,1
VB,escalate,0,0,0,0,0,0,0,0,0,0
VB,escape,0,1,0,0,0,0,0,1,0,1
VB,eschew,0,1,0,0,0,0,0,0,0,1
VB,escort,0,0,0,0,0,1,0,0,1,0
VB,establish,0,0,0,0,0,0,0,0,0,0
VB,esteem,0,0,0,1,0,1,0,0,1,0
VB,evacuate,0,1,0,0,0,0,0,0,0,1
VB,evade,0,0,0,0,0,0,0,0,0,0
VB,evict,0,0,1,0,0,0,0,0,0,1
VB,exaggerate,0,0,0,0,0,0,0,0,0,0
VB,exalt,0,0,0,1,0,1,0,0,1,0
VB,exceed,0,0,0,0,0,0,0,0,0,0
VB,excel,0,0,0,1,0,1,1,1,1,0
VB,exchange,0,0,0,0,0,0,0,0,0,0
VB,excite,0,0,0,1,0,0,1,0,1,0
VB,exclaim,0,0,0,0,0,0,1,0,0,0
VB,exclude,0,0,0,0,0,0,0,0,0,0
VB,excruciate,0,1,0,0,0,0,0,0,0,1
VB,exhaust,0,0,1,0,0,0,0,0,0,1
VB,exile,1,1,1,0,0,0,0,0,0,1
VB,expect,0,0,0,0,0,0,0,1,0,0
VB,expel,1,1,1,0,1,0,0,0,0,1
VB,experience,0,0,0,0,0,1,0,0,1,0
VB,experiment,0,0,0,0,0,0,0,1,0,0
VB,expire,0,0,0,0,0,0,0,0,0,0
VB,explain,0,0,0,0,0,0,0,0,0,0
VB,explode,1,1,1,0,0,0,1,0,0,1
VB,explore,0,0,0,0,0,0,0,0,0,0
VB,expose,0,0,0,0,0,0,0,1,0,0
VB,exterminate,0,1,1,0,0,0,0,0,0,1
VB,extinguish,1,0,0,0,0,0,0,0,0,1
VB,extricate,0,0,0,0,0,0,0,1,0,0
VB,eyewitness,0,0,0,0,0,1,0,0,1,0
VB,fail,1,1,1,0,0,0,0,1,0,1
VB,faint,0,1,1,0,0,0,1,0,0,1
VB,fall,0,0,0,0,0,0,0,0,0,0
VB,falsify,0,0,0,0,1,0,0,0,0,1
VB,falter,0,1,0,0,0,0,0,0,0,1
VB,fancy,0,0,0,0,0,0,0,1,0,0
VB,farm,0,0,0,0,0,0,0,0,0,0
VB,fast,0,0,0,0,0,0,0,0,0,0
VB,fat,0,0,0,0,0,0,0,0,0,0
VB,fate,0,0,0,0,0,0,0,1,0,0
VB,father,0,0,0,0,0,0,0,0,0,0
VB,fatigue,0,0,1,0,0,0,0,0,0,1
VB,fault,0,0,1,0,0,0,0,0,0,1
VB,fear,1,1,0,0,0,0,0,0,0,1
VB,fee,0,0,0,0,0,0,0,0,0,0
VB,feel,0,0,0,0,0,0,0,0,0,0
VB,fell,0,0,0,0,0,0,0,0,0,0
VB,fence,1,0,0,0,0,0,0,0,0,1
VB,ferment,0,0,0,0,0,0,0,1,0,0
VB,fete,0,0,0,1,0,0,1,1,1,0
VB,feud,1,0,0,0,0,0,0,0,0,1
VB,fib,1,0,0,0,0,0,0,0,0,1
VB,fight,1,1,0,0,0,0,0,0,0,1
VB,fill,0,0,0,0,0,0,0,0,0,0
VB,find,0,0,0,0,0,0,0,0,0,0
VB,fire,0,1,0,0,0,0,0,0,0,1
VB,fits,0,0,0,0,0,0,0,0,0,0
VB,fix,0,0,0,0,0,0,0,0,0,0
VB,flatter,0,0,0,0,1,0,0,0,0,1
VB,flaw,0,0,1,0,0,0,0,0,0,1
VB,flee,0,1,0,0,0,0,0,0,0,1
VB,fleece,1,0,1,0,1,0,0,0,0,1
VB,flesh,0,0,0,0,0,0,0,0,0,0
VB,flinch,0,1,1,0,1,0,0,1,0,1
VB,flirt,0,0,0,1,0,0,1,0,1,0
VB,flog,1,1,1,0,1,0,0,0,0,1
VB,flood,0,0,0,0,0,0,0,0,0,0
VB,flop,0,0,1,0,1,0,0,0,0,1
VB,flounder,0,0,1,0,0,0,0,0,0,1
VB,fly,0,0,0,0,0,0,0,0,0,0
VB,fool,0,0,0,0,1,0,0,0,0,1
VB,foot,0,0,0,0,0,0,0,0,0,0
VB,foray,1,0,0,0,0,0,0,0,0,1
VB,forbid,1,0,0,0,0,0,0,0,0,1
VB,force,1,1,0,0,0,0,0,0,0,1
VB,forearm,0,0,0,0,0,0,0,1,0,0
VB,forebode,0,0,0,0,0,0,0,1,0,0
VB,forecast,0,0,0,0,0,0,0,1,0,0
VB,foreclose,0,1,1,0,0,0,0,0,0,1
VB,foresee,0,0,0,0,0,0,0,1,0,0
VB,forewarn,0,1,0,0,0,0,0,1,0,1
VB,forfeit,1,0,1,0,0,0,0,0,0,1
VB,forget,0,0,0,0,0,0,0,0,0,0
VB,forgive,0,0,0,0,0,1,0,0,1,0
VB,form,0,0,0,0,0,0,0,0,0,0
VB,forsake,0,0,1,0,0,0,0,0,0,1
VB,fort,0,0,0,0,0,1,0,0,1,0
VB,foul,0,0,0,0,0,0,0,0,0,0
VB,frank,0,0,0,0,0,0,0,0,0,0
VB,fray,0,0,1,0,0,0,0,0,0,1
VB,fret,0,1,0,0,0,0,0,0,0,1
VB,fright,0,1,0,0,0,0,1,0,0,1
VB,frighten,0,1,0,0,0,0,1,0,0,1
VB,frolic,0,0,0,1,0,0,0,0,1,0
VB,frown,0,0,1,0,0,0,0,0,0,1
VB,frustrate,1,0,1,0,1,0,0,0,0,1
VB,fulfill,0,0,0,1,0,0,0,0,1,0
VB,fume,1,0,0,0,0,0,0,0,0,1
VB,funk,0,0,1,0,0,0,0,0,0,1
VB,furrow,0,0,0,0,0,0,0,0,0,0
VB,fuse,0,0,0,0,0,0,0,0,0,0
VB,fuss,0,1,0,0,0,0,0,0,0,1
VB,gag,0,0,0,0,1,0,0,0,0,1
VB,gage,0,0,0,0,0,1,0,0,1,0
VB,gain,0,0,0,0,0,0,0,1,0,0
VB,gall,1,0,0,0,1,0,0,0,0,1
VB,gamble,0,0,0,0,0,0,1,1,0,0
VB,gang,0,0,0,0,0,0,0,0,0,0
VB,gape,0,0,0,0,0,0,1,0,0,0
VB,garden,0,0,0,0,0,0,0,0,0,0
VB,garrison,0,0,0,0,0,0,0,0,0,0
VB,gash,0,1,0,0,0,0,0,0,0,1
VB,gasp,0,0,0,0,0,0,1,0,0,0
VB,gate,0,0,0,0,0,0,0,0,0,0
VB,gauge,0,0,0,0,0,0,0,0,0,0
VB,gawk,0,0,0,0,0,0,1,0,0,0
VB,gazette,0,0,0,0,0,0,0,0,0,0
VB,general,0,0,0,0,0,0,0,0,0,0
VB,ghost,0,1,0,0,0,0,0,0,0,1
VB,gift,0,0,0,1,0,0,1,0,1,0
VB,giggle,0,0,0,1,0,0,0,0,1,0
VB,glare,1,1,0,0,0,0,0,0,0,1
VB,glide,0,0,0,0,0,0,0,0,0,0
VB,glimmer,0,0,0,1,0,0,1,1,1,0
VB,glitter,0,0,0,0,0,0,0,0,0,0
VB,glorify,0,0,0,1,0,1,1,1,1,0
VB,glory,0,0,0,1,0,1,0,1,1,0
VB,glow,0,0,0,0,0,0,0,0,0,0
VB,glut,0,0,0,0,1,0,0,0,0,1
VB,gore,0,0,0,0,1,0,0,0,0,1
VB,gorge,0,0,0,0,1,0,0,0,0,1
VB,govern,0,0,0,0,0,0,0,0,0,0
VB,governess,0,0,0,0,0,0,0,0,0,0
VB,grab,0,0,0,0,0,0,0,0,0,0
VB,grant,0,0,0,0,0,0,0,1,0,0
VB,grasp,0,0,0,0,0,0,0,1,0,0
VB,grate,0,0,0,0,0,0,0,0,0,0
VB,gratify,0,0,0,1,0,0,1,0,1,0
VB,grave,0,0,0,0,0,0,0,0,0,0
VB,gravitate,0,0,0,0,0,0,0,1,0,0
VB,gray,0,0,0,0,0,0,0,0,0,0
VB,green,0,0,0,0,0,0,0,0,0,0
VB,greet,0,0,0,0,0,0,0,0,0,0
VB,grieve,0,1,1,0,0,0,0,0,0,1
VB,grime,0,0,0,0,1,0,0,0,0,1
VB,grin,0,0,0,0,1,0,0,0,0,1
VB,grit,0,0,0,0,0,0,0,0,0,0
VB,groan,0,0,1,0,1,0,0,0,0,1
VB,grope,0,1,0,0,1,0,0,0,0,1
VB,gross,0,0,0,0,0,0,0,0,0,0
VB,ground,0,0,0,0,0,0,0,0,0,0
VB,grow,0,0,0,0,0,0,0,0,0,0
VB,growl,1,1,0,0,0,0,0,0,0,1
VB,grudge,1,0,0,0,0,0,0,0,0,1
VB,grumble,1,0,0,0,1,0,0,0,0,1
VB,guarantee,0,0,0,0,0,1,0,0,1,0
VB,guard,0,0,0,0,0,1,0,0,1,0
VB,guess,0,0,0,0,0,0,0,0,0,0
VB,guide,0,0,0,0,0,1,0,0,1,0
VB,guillotine,1,1,0,0,1,0,0,1,0,1
VB,gulp,0,0,0,0,0,0,0,0,0,0
VB,gun,1,1,0,0,0,0,0,0,0,1
VB,gush,0,0,0,0,0,0,0,0,0,0
VB,gut,0,0,0,0,1,0,0,0,0,1
VB,gutter,0,0,0,0,0,0,0,0,0,0
VB,hail,0,0,0,0,0,1,0,0,1,0
VB,halter,1,1,1,0,0,0,0,0,0,1
VB,halting,0,0,0,0,0,0,0,0,0,0
VB,hamstring,0,0,0,0,0,0,0,0,0,0
VB,handicap,0,0,1,0,0,0,0,0,0,1
VB,hanging,0,0,0,0,0,0,0,0,0,0
VB,hankering,0,0,0,0,0,0,0,1,0,0
VB,hap,0,0,0,0,0,0,1,1,0,0
VB,happen,0,0,0,0,0,0,0,1,0,0
VB,harass,1,0,0,0,1,0,0,0,0,1
VB,harbinger,0,0,0,0,0,0,0,1,0,0
VB,harbor,0,0,0,0,0,1,0,0,1,0
VB,hardened,0,0,0,0,0,0,0,0,0,0
VB,harm,0,1,0,0,0,0,0,0,0,1
VB,harrow,0,0,0,0,0,0,0,0,0,0
VB,harry,1,0,1,0,0,0,0,0,0,1
VB,harvest,0,0,0,0,0,0,0,0,0,0
VB,hate,1,1,1,0,1,0,0,0,0,1
VB,haunt,0,1,0,0,0,0,0,0,0,1
VB,hawk,0,0,0,0,0,0,0,0,0,0
VB,hazard,0,1,0,0,0,0,0,0,0,1
VB,haze,0,1,0,0,0,0,0,0,0,1
VB,heal,0,0,0,1,0,0,0,1,1,0
VB,hear,0,0,0,0,0,0,0,0,0,0
VB,heft,0,0,0,0,0,0,0,0,0,0
VB,heighten,0,0,0,0,0,0,0,0,0,0
VB,hemorrhage,0,1,1,0,1,0,0,0,0,1
VB,hide,0,0,0,0,0,0,0,0,0,0
VB,hindering,0,0,1,0,0,0,0,0,0,1
VB,hire,0,0,0,0,0,0,0,0,0,0
VB,hiss,1,0,0,0,0,0,0,0,0,1
VB,hit,1,0,0,0,0,0,0,0,0,1
VB,hoax,1,0,1,0,1,0,1,0,0,1
VB,hog,0,0,0,0,1,0,0,0,0,1
VB,holiday,0,0,0,1,0,0,0,1,1,0
VB,hollow,0,0,0,0,0,0,0,0,0,0
VB,honeymoon,0,0,0,1,0,0,1,1,1,0
VB,honor,0,0,0,0,0,1,0,0,1,0
VB,hood,0,0,0,0,0,0,0,0,0,0
VB,hoot,1,0,0,0,1,0,0,0,0,1
VB,hope,0,0,0,1,0,0,1,1,1,0
VB,horrify,0,1,0,0,0,0,0,0,0,1
VB,horse,0,0,0,0,0,0,0,0,0,0
VB,howl,1,1,1,0,1,0,0,0,0,1
VB,huff,0,0,0,0,1,0,0,0,0,1
VB,hug,0,0,0,1,0,1,0,0,1,0
VB,hulk,0,0,0,0,0,0,0,0,0,0
VB,humble,0,0,1,0,1,0,0,0,0,1
VB,humbug,1,0,0,0,1,0,0,0,0,1
VB,humiliate,1,0,1,0,0,0,0,0,0,1
VB,hunt,0,0,0,0,0,0,0,0,0,0
VB,hurrah,0,0,0,1,0,0,0,0,1,0
VB,hurry,0,0,0,0,0,0,0,1,0,0
VB,hurt,1,1,1,0,0,0,0,0,0,1
VB,hymn,0,0,0,0,0,0,0,0,0,0
VB,hype,0,0,0,0,0,0,0,1,0,0
VB,hypertrophy,0,0,0,0,0,0,0,0,0,0
VB,illuminate,0,0,0,0,0,0,0,1,0,0
VB,immerse,0,0,0,0,0,0,0,0,0,0
VB,impart,0,0,0,0,0,0,0,0,0,0
VB,impeach,0,1,0,0,1,0,0,0,0,1
VB,impend,0,0,0,0,0,0,0,1,0,0
VB,implicate,0,0,0,0,0,0,0,0,0,0
VB,imprison,1,1,1,0,1,0,0,0,0,1
VB,improve,0,0,0,0,0,0,0,1,0,0
VB,improvise,0,0,0,0,0,0,0,0,0,0
VB,incase,0,0,0,0,0,0,0,0,0,0
VB,incense,0,0,0,0,0,0,0,0,0,0
VB,incite,0,0,0,0,0,0,0,1,0,0
VB,incline,0,0,0,0,0,0,0,0,0,0
VB,indent,0,0,0,0,0,0,0,0,0,0
VB,indenture,0,0,0,0,0,0,0,0,0,0
VB,indict,1,1,0,0,0,0,0,0,0,1
VB,infect,0,0,0,0,0,0,0,0,0,0
VB,inflict,1,1,1,0,0,0,0,0,0,1
VB,inform,0,0,0,0,0,0,0,0,0,0
VB,inhibit,1,0,1,0,1,0,0,0,0,1
VB,injure,1,1,1,0,0,0,0,0,0,1
VB,inspire,0,0,0,0,0,0,0,0,0,0
VB,install,0,0,0,0,0,0,0,0,0,0
VB,institute,0,0,0,0,0,0,0,0,0,0
VB,instruct,0,0,0,0,0,0,0,0,0,0
VB,insult,1,0,1,0,1,0,0,0,0,1
VB,insure,0,0,0,0,0,1,0,0,1,0
VB,intend,0,0,0,0,0,0,0,0,0,0
VB,inter,0,0,1,0,0,0,0,0,0,1
VB,intercede,0,0,0,0,0,0,0,0,0,0
VB,interest,0,0,0,0,0,0,0,0,0,0
VB,interrogate,0,0,0,0,0,0,0,0,0,0
VB,interrupt,0,0,0,0,0,0,0,0,0,0
VB,intimate,0,0,0,0,0,0,0,0,0,0
VB,intimidate,0,1,0,0,0,0,0,0,0,1
VB,intoxicate,0,0,0,1,0,0,0,0,1,0
VB,intrigue,0,0,0,0,0,0,1,1,0,0
VB,invade,1,1,1,0,0,0,1,0,0,1
VB,invalid,0,0,1,0,0,0,0,0,0,1
VB,invite,0,0,0,1,0,0,1,1,1,0
VB,invoke,0,0,0,0,0,0,0,1,0,0
VB,iron,0,0,0,0,0,0,0,0,0,0
VB,irritate,1,0,0,0,1,0,0,0,0,1
VB,isolate,0,0,1,0,0,0,0,0,0,1
VB,jab,0,0,0,0,0,0,0,0,0,0
VB,jail,0,1,1,0,0,0,0,0,0,1
VB,jar,0,1,1,0,0,0,0,0,0,1
VB,jaundice,0,1,0,0,0,0,0,0,0,1
VB,jaws,0,0,0,0,0,0,0,0,0,0
VB,jeopardize,1,1,0,0,0,0,0,0,0,1
VB,jerk,0,0,0,0,0,0,1,0,0,0
VB,jest,0,0,0,1,0,0,0,0,1,0
VB,jolt,0,0,0,0,0,0,1,0,0,0
VB,journey,0,0,0,0,0,0,0,0,0,0
VB,joy,0,0,0,1,0,0,0,0,1,0
VB,jump,0,0,0,0,0,0,0,0,0,0
VB,kennel,0,0,0,0,0,0,0,0,0,0
VB,kick,0,0,0,0,0,0,0,0,0,0
VB,kidnap,1,1,1,0,0,0,1,0,0,1
VB,kill,0,1,1,0,0,0,0,0,0,1
VB,kiss,0,0,0,1,0,0,1,1,1,0
VB,kite,0,0,0,0,1,0,0,0,0,1
VB,kitten,0,0,0,0,0,0,0,0,0,0
VB,knell,0,1,1,0,0,0,0,0,0,1
VB,label,0,0,0,0,0,0,0,0,0,0
VB,labor,0,0,0,1,0,1,1,1,1,0
VB,lace,0,0,0,0,0,0,0,0,0,0
VB,lag,0,0,0,0,0,0,0,0,0,0
VB,lamb,0,0,0,0,0,0,0,0,0,0
VB,lament,0,0,1,0,0,0,0,0,0,1
VB,languish,0,1,1,0,0,0,0,0,0,1
VB,lash,1,1,0,0,0,0,0,0,0,1
VB,laugh,0,0,0,1,0,0,1,0,1,0
VB,launch,0,0,0,0,0,0,0,0,0,0
VB,lead,0,0,0,0,0,1,0,0,1,0
VB,leaning,0,0,0,0,0,0,0,0,0,0
VB,leave,0,0,1,0,0,0,1,0,0,1
VB,leech,0,1,0,0,1,0,0,0,0,1
VB,leer,0,0,0,0,1,0,0,0,0,1
VB,legalize,0,0,0,0,0,0,0,0,0,0
VB,lessen,0,0,0,0,0,0,0,0,0,0
VB,letter,0,0,0,0,0,0,0,1,0,0
VB,level,0,0,0,0,0,0,0,0,0,0
VB,libel,1,1,0,0,0,0,0,0,0,1
VB,liberate,0,0,0,1,0,0,0,1,1,0
VB,lick,0,0,0,1,0,0,0,0,1,0
VB,lie,0,0,0,0,0,0,0,0,0,0
VB,liking,0,0,0,1,0,0,0,0,1,0
VB,limit,0,0,0,0,0,0,0,0,0,0
VB,line,0,0,0,0,0,0,0,0,0,0
VB,linger,0,0,0,0,0,0,0,1,0,0
VB,litigate,1,1,1,0,1,0,0,0,0,1
VB,loathe,1,0,0,0,1,0,0,0,0,1
VB,localize,0,0,0,0,0,0,0,0,0,0
VB,lodging,0,0,0,0,0,0,0,0,0,0
VB,long,0,0,0,0,0,0,0,1,0,0
VB,loom,0,1,0,0,0,0,0,1,0,1
VB,lord,0,0,0,0,0,0,0,0,0,0
VB,lose,0,1,1,0,0,0,0,0,0,1
VB,love,0,0,0,1,0,0,0,0,1,0
VB,lower,0,0,0,0,0,0,0,0,0,0
VB,lull,0,0,0,0,0,0,0,1,0,0
VB,lunge,0,0,0,0,0,0,1,0,0,0
VB,lust,0,0,0,0,0,0,0,1,0,0
VB,lynch,1,1,1,0,1,0,0,0,0,1
VB,machine,0,0,0,0,0,0,0,0,0,0
VB,madden,1,1,0,0,0,0,0,0,0,1
VB,mail,0,0,0,0,0,0,0,0,0,0
VB,malign,1,0,0,0,1,0,0,0,0,1
VB,manage,0,0,0,0,0,1,0,0,1,0
VB,mangle,1,1,1,0,1,0,0,0,0,1
VB,manure,0,0,0,0,0,0,0,0,0,0
VB,marry,0,0,0,1,0,1,1,1,1,0
VB,marshal,0,0,0,0,0,0,0,0,0,0
VB,martyr,0,1,1,0,0,0,0,0,0,1
VB,marvel,0,0,0,0,0,0,1,0,0,0
VB,massacre,1,1,1,0,1,0,0,0,0,1
VB,massage,0,0,0,0,0,0,0,0,0,0
VB,mate,0,0,0,0,0,1,0,0,1,0
VB,measure,0,0,0,0,0,0,0,0,0,0
VB,meddle,1,0,0,0,0,0,0,0,0,1
VB,mediate,0,0,0,0,0,1,0,1,1,0
VB,meditate,0,0,0,1,0,1,0,0,1,0
VB,menace,1,1,0,0,0,0,0,0,0,1
VB,mentor,0,0,0,0,0,1,0,0,1,0
VB,merge,0,0,0,0,0,0,0,1,0,0
VB,merit,0,0,0,0,0,1,0,0,1,0
VB,mess,0,0,0,0,0,0,0,0,0,0
VB,mildew,0,0,0,0,1,0,0,0,0,1
VB,mill,0,0,0,0,0,0,0,0,0,0
VB,mire,0,0,0,0,1,0,0,0,0,1
VB,misconduct,0,0,0,0,1,0,0,0,0,1
VB,misguide,0,0,0,0,1,0,0,0,0,1
VB,mislead,1,0,0,0,1,0,0,0,0,1
VB,misplace,1,0,0,0,1,0,0,0,0,1
VB,misrepresent,1,0,0,0,0,0,0,0,0,1
VB,miss,0,0,0,0,0,0,0,0,0,0
VB,mistake,0,0,0,0,0,0,0,0,0,0
VB,mistrust,0,1,0,0,1,0,0,0,0,1
VB,misunderstanding,0,0,0,0,0,0,0,0,0,0
VB,moan,0,0,1,0,0,0,0,0,0,1
VB,mob,0,0,0,0,0,0,0,0,0,0
VB,mock,1,0,1,0,1,0,0,0,0,1
VB,modify,0,0,0,0,0,0,0,0,0,0
VB,mooring,0,0,0,0,0,0,0,0,0,0
VB,mortgage,0,0,0,0,0,0,0,0,0,0
VB,mother,0,0,0,0,0,1,0,0,1,0
VB,motion,0,0,0,0,0,0,0,0,0,0
VB,mourn,0,0,1,0,0,0,0,0,0,1
VB,mouth,0,0,0,0,0,0,0,0,0,0
VB,muck,0,0,0,0,1,0,0,0,0,1
VB,muddy,0,0,0,0,0,0,0,0,0,0
VB,muff,0,0,0,0,0,0,0,0,0,0
VB,mug,1,1,1,0,0,0,0,0,0,1
VB,murder,1,1,1,0,1,0,0,0,0,1
VB,mutilate,0,0,0,0,1,0,0,0,0,1
VB,mutiny,1,1,0,0,1,0,1,0,0,1
VB,mutter,0,0,0,0,0,0,0,0,0,0
VB,muzzle,0,0,0,0,0,0,0,0,0,0
VB,nab,0,0,0,0,0,0,1,0,0,0
VB,nag,1,0,0,0,0,0,0,0,0,1
VB,nap,0,0,0,0,0,0,0,0,0,0
VB,negative,0,0,1,0,0,0,0,0,0,1
VB,neglect,1,0,1,0,1,0,0,0,0,1
VB,negotiate,0,0,0,0,0,0,0,0,0,0
VB,neighbor,0,0,0,0,0,0,0,0,0,0
VB,nest,0,0,0,0,0,0,0,0,0,0
VB,nestle,0,0,0,0,0,1,0,0,1,0
VB,nettle,1,0,0,0,1,0,0,0,0,1
VB,network,0,0,0,0,0,0,0,0,0,0
VB,noose,0,0,1,0,0,0,0,0,0,1
VB,nose,0,0,0,0,0,0,0,0,0,0
VB,nullify,0,0,0,0,0,0,0,0,0,0
VB,nurse,0,0,0,0,0,0,0,0,0,0
VB,nurture,0,0,0,1,0,0,0,1,1,0
VB,obey,0,1,0,0,0,1,0,0,1,1
VB,oblige,1,1,0,0,1,0,0,1,0,1
VB,obliterate,1,1,1,0,0,0,0,0,0,1
VB,obstruct,0,0,0,0,0,0,0,0,0,0
VB,occult,0,0,0,0,0,0,0,0,0,0
VB,offend,1,0,0,0,1,0,0,0,0,1
VB,offer,0,0,0,0,0,0,0,0,0,0
VB,officer,0,0,0,0,0,0,0,0,0,0
VB,offset,0,0,0,0,0,0,0,0,0,0
VB,omen,0,0,0,0,0,0,0,1,0,0
VB,ooze,0,0,0,0,0,0,0,0,0,0
VB,oppose,1,1,0,0,0,0,0,0,0,1
VB,oppress,1,1,1,0,1,0,0,0,0,1
VB,ordain,0,0,0,0,0,0,0,0,0,0
VB,orphan,0,1,1,0,0,0,0,0,0,1
VB,oust,1,0,1,0,0,0,0,0,0,1
VB,outcry,1,1,0,0,0,0,1,0,0,1
VB,outdo,0,0,0,0,0,0,0,1,0,0
VB,outrage,1,0,0,0,1,0,0,0,0,1
VB,overbear,1,0,0,0,0,0,0,0,0,1
VB,overestimate,0,0,0,0,0,0,0,0,0,0
VB,overjoy,0,0,0,1,0,0,0,0,1,0
VB,overload,0,0,1,0,0,0,0,0,0,1
VB,overpower,0,0,0,0,0,0,0,0,0,0
VB,overprice,0,0,0,0,0,0,0,0,0,0
VB,overthrow,0,1,0,0,0,0,0,1,0,1
VB,overwhelm,0,0,1,0,0,0,0,0,0,1
VB,owe,0,0,1,0,0,0,0,0,0,1
VB,paddle,0,0,0,0,0,0,0,0,0,0
VB,pain,0,1,1,0,0,0,0,0,0,1
VB,palsy,0,1,1,0,1,0,0,0,0,1
VB,panic,0,1,0,0,0,0,0,0,0,1
VB,parachute,0,0,0,0,0,0,0,0,0,0
VB,parade,0,0,0,0,0,0,0,0,0,0
VB,paralyze,0,1,1,0,0,0,0,0,0,1
VB,pare,0,0,0,0,0,0,0,0,0,0
VB,parole,0,0,0,0,0,0,0,1,0,0
VB,parrot,0,0,0,0,1,0,0,0,0,1
VB,partake,0,0,0,0,0,0,0,0,0,0
VB,parting,0,0,1,0,0,0,0,0,0,1
VB,patrol,0,0,0,0,0,1,0,0,1,0
VB,patronage,0,0,0,0,0,1,0,0,1,0
VB,patter,0,0,0,0,0,0,0,0,0,0
VB,pawn,0,0,0,0,0,0,0,0,0,0
VB,pay,0,0,0,0,0,0,0,0,0,0
VB,perceive,0,0,0,0,0,0,0,0,0,0
VB,perfect,0,0,0,1,0,1,0,1,1,0
VB,peril,0,1,1,0,0,0,0,1,0,1
VB,perish,0,1,1,0,0,0,0,0,0,1
VB,perpetuate,0,0,0,0,0,0,0,1,0,0
VB,persecute,1,1,0,0,0,0,0,0,0,1
VB,persuade,0,0,0,0,0,0,0,0,0,0
VB,pervert,1,0,0,0,1,0,0,0,0,1
VB,picket,0,0,0,0,0,0,0,0,0,0
VB,picnic,0,0,0,1,0,0,1,1,1,0
VB,pig,0,0,0,0,1,0,0,0,0,1
VB,pile,0,0,0,0,0,0,0,0,0,0
VB,pillage,1,1,0,0,1,0,0,0,0,1
VB,pilot,0,0,0,0,0,0,0,0,0,0
VB,pine,0,0,1,0,0,0,0,0,0,1
VB,pinion,0,1,0,0,0,0,0,0,0,1
VB,pique,1,0,0,0,0,0,0,0,0,1
VB,pirate,0,0,0,0,1,0,0,0,0,1
VB,pith,0,0,0,0,0,0,0,0,0,0
VB,pity,0,0,1,0,0,0,0,0,0,1
VB,pivot,0,0,0,0,0,0,0,0,0,0
VB,placard,0,0,0,0,0,0,0,0,0,0
VB,plague,0,1,1,0,1,0,0,0,0,1
VB,plan,0,0,0,0,0,0,0,1,0,0
VB,please,0,0,0,1,0,0,0,0,1,0
VB,pledge,0,0,0,0,0,1,0,0,1,0
VB,plight,0,0,0,0,0,0,0,0,0,0
VB,plummet,0,1,0,0,0,0,0,0,0,1
VB,plump,0,0,0,0,0,0,0,1,0,0
VB,plunder,1,1,1,0,1,0,0,0,0,1
VB,plunge,0,1,0,0,0,0,0,0,0,1
VB,poach,1,1,1,0,1,0,0,0,0,1
VB,poison,1,1,1,0,1,0,0,0,0,1
VB,poke,0,0,0,0,0,0,0,0,0,0
VB,police,0,0,0,0,0,0,0,0,0,0
VB,poll,0,0,0,0,0,0,0,0,0,0
VB,pollute,0,0,0,0,1,0,0,0,0,1
VB,pop,0,0,0,0,0,0,0,0,0,0
VB,possess,0,0,0,0,0,0,0,0,0,0
VB,pound,1,0,0,0,0,0,0,0,0,1
VB,practice,0,0,0,0,0,0,0,0,0,0
VB,practise,0,0,0,0,0,0,0,1,0,0
VB,praise,0,0,0,1,0,1,0,0,1,0
VB,prank,0,0,0,0,0,0,1,0,0,0
VB,pray,0,0,0,0,0,1,0,0,1,0
VB,preclude,0,0,0,0,0,0,0,0,0,0
VB,predict,0,0,0,0,0,0,0,1,0,0
VB,predispose,0,0,0,0,0,0,0,1,0,0
VB,prefer,0,0,0,0,0,0,0,1,0,0
VB,prejudice,1,0,0,0,0,0,0,0,0,1
VB,premeditate,0,0,0,0,0,0,0,1,0,0
VB,prepare,0,0,0,0,0,0,0,1,0,0
VB,present,0,0,0,0,0,0,0,0,0,0
VB,pretend,0,0,0,0,1,0,0,0,0,1
VB,prevail,0,0,0,0,0,0,0,0,0,0
VB,prevent,0,0,0,0,0,0,0,0,0,0
VB,prey,0,1,0,0,0,0,0,0,0,1
VB,prick,0,0,0,0,0,0,0,0,0,0
VB,pride,0,0,0,1,0,0,0,0,1,0
VB,privilege,0,0,0,1,0,0,0,0,1,0
VB,proceed,0,0,0,0,0,0,0,1,0,0
VB,proctor,0,0,0,0,0,0,0,0,0,0
VB,profane,1,0,0,0,0,0,0,0,0,1
VB,progress,0,0,0,1,0,0,0,1,1,0
VB,prohibit,1,1,0,0,1,0,0,0,0,1
VB,prolong,0,0,0,0,0,0,0,1,0,0
VB,promise,0,0,0,0,0,1,0,0,1,0
VB,proof,0,0,0,0,0,1,0,0,1,0
VB,prosecute,1,1,1,0,0,0,0,0,0,1
VB,prosper,0,0,0,1,0,0,0,1,1,0
VB,prostitute,0,0,0,0,1,0,0,0,0,1
VB,protect,0,0,0,0,0,1,0,0,1,0
VB,prove,0,0,0,0,0,1,0,0,1,0
VB,provide,0,0,0,0,0,1,0,1,1,0
VB,provoke,0,0,0,0,0,0,0,0,0,0
VB,prowl,0,0,0,0,0,0,1,0,0,0
VB,pry,0,0,0,0,0,0,0,1,0,0
VB,puke,0,0,0,0,1,0,0,0,0,1
VB,punch,1,1,1,0,0,0,1,0,0,1
VB,punish,0,1,0,0,0,0,0,0,0,1
VB,punishing,1,1,1,0,0,0,0,0,0,1
VB,punt,0,0,0,0,0,0,0,0,0,0
VB,purge,0,1,0,0,0,0,0,0,0,1
VB,purify,0,0,0,0,0,0,0,1,0,0
VB,purr,0,0,0,0,0,0,0,0,0,0
VB,quack,0,0,0,0,0,0,0,0,0,0
VB,quail,0,1,0,0,0,0,0,0,0,1
VB,quake,0,1,0,0,0,0,0,0,0,1
VB,qualify,0,0,0,0,0,1,0,0,1,0
VB,quarantine,0,1,0,0,0,0,0,0,0,1
VB,quarrel,1,0,0,0,0,0,0,0,0,1
VB,quash,1,0,0,0,0,0,0,0,0,1
VB,quest,0,0,0,0,0,0,0,1,0,0
VB,quicken,0,0,0,0,0,0,0,1,0,0
VB,quiet,0,0,0,0,0,0,0,0,0,0
VB,quiver,0,1,0,0,0,0,0,0,0,1
VB,quote,0,0,0,0,0,0,0,0,0,0
VB,rack,0,0,0,0,0,0,0,0,0,0
VB,raffle,0,0,0,0,0,0,1,1,0,0
VB,rag,0,0,0,0,1,0,0,0,0,1
VB,rage,1,0,0,0,0,0,0,0,0,1
VB,raid,1,1,0,0,0,0,1,0,0,1
VB,rail,1,0,0,0,0,0,0,1,0,1
VB,ram,1,0,0,0,0,0,0,1,0,1
VB,rampage,1,1,0,0,0,0,0,0,0,1
VB,ransom,1,1,0,0,0,0,0,0,0,1
VB,rap,1,0,0,0,0,0,0,0,0,1
VB,rape,1,1,1,0,1,0,0,0,0,1
VB,rat,0,0,0,0,1,0,0,0,0,1
VB,ratify,0,0,0,0,0,1,0,0,1,0
VB,rating,0,0,0,0,0,0,0,0,0,0
VB,rave,0,0,0,1,0,0,1,0,1,0
VB,razor,0,0,0,0,0,0,0,0,0,0
VB,react,0,0,0,0,0,0,0,0,0,0
VB,ready,0,0,0,0,0,0,0,1,0,0
VB,reappear,0,0,0,0,0,0,1,0,0,0
VB,reassure,0,0,0,0,0,1,0,0,1,0
VB,rebel,1,1,0,0,0,0,0,0,0,1
VB,receive,0,0,0,0,0,0,0,1,0,0
VB,recess,0,0,0,0,0,0,0,0,0,0
VB,recline,0,0,0,0,0,0,0,0,0,0
VB,recommend,0,0,0,0,0,0,0,0,0,0
VB,reconstruct,0,0,0,0,0,0,0,1,0,0
VB,recruit,0,0,0,0,0,0,0,0,0,0
VB,referee,0,0,0,0,0,0,0,0,0,0
VB,refuse,0,0,1,0,0,0,0,0,0,1
VB,regiment,0,1,0,0,0,0,0,0,0,1
VB,regret,0,0,1,0,0,0,0,0,0,1
VB,reject,1,1,1,0,0,0,0,0,0,1
VB,rejoice,0,0,0,1,0,0,1,1,1,0
VB,rekindle,0,0,0,0,0,0,0,0,0,0
VB,relapse,0,1,1,0,0,0,0,0,0,1
VB,relate,0,0,0,0,0,0,0,0,0,0
VB,remain,0,0,0,0,0,0,0,0,0,0
VB,remand,1,0,0,0,0,0,0,0,0,1
VB,remedy,0,0,0,0,0,1,0,1,1,0
VB,remove,0,0,0,0,0,0,0,0,0,0
VB,renegade,1,0,0,0,0,0,0,0,0,1
VB,renounce,1,0,0,0,0,0,0,0,0,1
VB,renovate,0,0,0,0,0,0,0,1,0,0
VB,repay,0,0,0,0,0,0,0,1,0,0
VB,repel,0,0,1,0,0,0,0,0,0,1
VB,repent,0,0,1,0,0,0,0,0,0,1
VB,represent,0,0,0,0,0,0,0,1,0,0
VB,repress,0,0,1,0,0,0,0,0,0,1
VB,reprimand,1,0,0,0,0,0,0,0,0,1
VB,reproach,1,0,1,0,1,0,0,0,0,1
VB,rescue,0,0,0,1,0,1,1,1,1,0
VB,resent,1,0,0,0,0,0,0,0,0,1
VB,resign,0,0,1,0,0,0,0,0,0,1
VB,resisting,1,1,1,0,0,0,0,0,0,1
VB,respect,0,0,0,1,0,1,0,1,1,0
VB,respite,0,0,0,1,0,0,0,0,1,0
VB,restrain,1,1,0,0,0,0,0,0,0,1
VB,restrict,0,0,1,0,0,0,0,0,0,1
VB,result,0,0,0,0,0,0,0,0,0,0
VB,retain,0,0,0,0,0,1,0,0,1,0
VB,retaliate,1,0,0,0,0,0,0,0,0,1
VB,retard,0,0,1,0,1,0,0,0,0,1
VB,retract,1,0,0,0,0,0,0,0,0,1
VB,revel,0,0,0,1,0,0,0,0,1,0
VB,revels,0,0,0,1,0,0,0,0,1,0
VB,revenge,1,1,0,0,0,0,0,1,0,1
VB,revere,0,0,0,1,0,1,0,1,1,0
VB,reverence,0,1,0,0,0,1,0,0,1,1
VB,revive,0,0,0,0,0,0,0,1,0,0
VB,revoke,1,1,1,0,1,0,0,0,0,1
VB,revolt,1,0,0,0,0,0,1,0,0,1
VB,reward,0,0,0,1,0,1,1,1,1,0
VB,riddle,0,0,0,0,0,0,0,0,0,0
VB,ridicule,1,0,1,0,1,0,0,0,0,1
VB,rifle,1,1,0,0,0,0,0,0,0,1
VB,riot,1,1,0,0,0,0,0,0,0,1
VB,ripen,0,0,0,0,0,0,0,1,0,0
VB,rise,0,0,0,0,0,0,0,0,0,0
VB,risk,0,1,0,0,0,0,0,1,0,1
VB,rob,1,1,1,0,1,0,0,0,0,1
VB,rocket,0,0,0,0,0,0,0,0,0,0
VB,rollicking,0,0,0,1,0,0,0,0,1,0
VB,romance,0,0,0,0,0,1,1,1,1,0
VB,romp,0,0,0,1,0,0,0,0,1,0
VB,rook,1,0,0,0,1,0,0,0,0,1
VB,root,0,0,0,0,0,0,0,0,0,0
VB,rot,0,1,1,0,1,0,0,0,0,1
VB,row,0,0,0,0,0,0,0,0,0,0
VB,rubbish,0,0,0,0,1,0,0,0,0,1
VB,rue,0,0,1,0,0,0,0,0,0,1
VB,ruin,0,1,1,0,0,0,0,0,0,1
VB,rule,0,0,0,0,0,0,0,0,0,0
VB,rumor,0,0,1,0,0,0,0,0,0,1
VB,rupture,0,1,1,0,0,0,1,0,0,1
VB,saber,1,1,0,0,0,0,0,0,0,1
VB,sabotage,1,1,1,0,1,0,0,0,0,1
VB,sacrifice,0,1,1,0,1,0,0,0,0,1
VB,safeguard,0,0,0,0,0,1,0,0,1,0
VB,sag,0,0,0,0,0,0,0,0,0,0
VB,saint,0,0,0,0,0,0,0,0,0,0
VB,salute,0,0,0,1,0,0,0,0,1,0
VB,sanctify,0,0,0,1,0,1,0,0,1,0
VB,sap,0,0,1,0,0,0,0,0,0,1
VB,satisfy,0,0,0,1,0,0,0,0,1,0
VB,saturate,0,0,0,0,0,0,0,0,0,0
VB,savage,1,1,0,0,0,0,0,0,0,1
VB,save,0,0,0,0,0,0,0,0,0,0
VB,savor,0,0,0,1,0,0,0,1,1,0
VB,scaffold,0,0,0,0,0,0,0,0,0,0
VB,scar,1,1,1,0,1,0,0,0,0,1
VB,scare,1,1,0,0,0,0,1,1,0,1
VB,school,0,0,0,0,0,0,0,0,0,0
VB,scoff,1,0,0,0,1,0,0,0,0,1
VB,scold,1,1,1,0,1,0,0,0,0,1
VB,scorch,0,0,0,0,0,0,0,0,0,0
VB,score,0,0,0,0,0,0,0,0,0,0
VB,scorn,1,0,0,0,0,0,0,0,0,1
VB,scourge,1,1,1,0,0,0,0,0,0,1
VB,scream,1,1,0,0,1,0,1,0,0,1
VB,screech,0,1,0,0,0,0,1,0,0,1
VB,screw,0,0,0,1,0,0,0,0,1,0
VB,scrimmage,0,0,0,0,0,0,0,0,0,0
VB,scrub,0,0,0,0,0,0,0,0,0,0
VB,scrutinize,0,0,0,0,0,0,0,1,0,0
VB,scum,0,0,0,0,1,0,0,0,0,1
VB,seal,0,0,0,0,0,0,0,0,0,0
VB,seclude,0,0,1,0,0,0,0,0,0,1
VB,secrete,0,0,0,0,1,0,0,0,0,1
VB,seek,0,0,0,0,0,0,0,1,0,0
VB,segregate,1,0,1,0,1,0,0,0,0,1
VB,seize,0,1,0,0,0,0,0,0,0,1
VB,sentence,1,1,0,0,1,0,0,1,0,1
VB,serve,0,0,0,0,0,0,0,0,0,0
VB,sex,0,0,0,1,0,1,0,1,1,0
VB,shack,0,0,0,0,0,0,0,0,0,0
VB,shackle,1,1,0,0,1,0,0,1,0,1
VB,shake,0,0,0,0,0,0,0,0,0,0
VB,sham,1,0,0,0,1,0,0,0,0,1
VB,shame,0,1,1,0,1,0,0,0,0,1
VB,shanghai,0,1,0,0,1,0,0,0,0,1
VB,shank,0,0,0,0,0,0,0,0,0,0
VB,share,0,0,0,0,0,0,0,0,0,0
VB,sharpen,0,0,0,0,0,0,0,0,0,0
VB,shatter,0,0,0,0,0,0,0,0,0,0
VB,shell,1,1,1,0,0,0,1,0,0,1
VB,shelter,0,0,0,0,0,1,0,0,1,0
VB,shepherd,0,0,0,0,0,0,0,0,0,0
VB,shine,0,0,0,0,0,0,0,0,0,0
VB,ship,0,0,0,0,0,0,0,0,0,0
VB,shipwreck,0,1,1,0,0,0,0,0,0,1
VB,shit,1,0,0,0,1,0,0,0,0,1
VB,shiver,0,1,0,0,0,0,0,0,0,1
VB,shock,1,1,0,0,0,0,1,0,0,1
VB,shoot,1,1,1,0,0,0,0,0,0,1
VB,shop,0,0,0,0,0,0,0,0,0,0
VB,shoplift,1,0,0,0,1,0,0,0,0,1
VB,shoulder,0,0,0,0,0,0,0,0,0,0
VB,shout,1,0,0,0,0,0,1,0,0,1
VB,shove,1,0,0,0,0,0,0,0,0,1
VB,show,0,0,0,0,0,0,0,0,0,0
VB,shriek,1,1,1,0,0,0,1,0,0,1
VB,shrill,1,1,0,0,0,0,1,0,0,1
VB,shrink,0,0,0,0,0,0,0,0,0,0
VB,shroud,0,0,1,0,0,0,0,0,0,1
VB,shudder,0,1,0,0,0,0,0,0,0,1
VB,shun,1,0,1,0,1,0,0,0,0,1
VB,sick,0,0,1,0,1,0,0,0,0,1
VB,sicken,1,1,1,0,1,0,0,0,0,1
VB,signify,0,0,0,0,0,0,0,1,0,0
VB,simmer,0,0,0,0,0,0,0,0,0,0
VB,simplify,0,0,0,0,0,0,0,0,0,0
VB,sin,1,1,1,0,1,0,0,0,0,1
VB,sing,0,0,0,0,0,0,0,0,0,0
VB,sink,0,1,1,0,1,0,0,0,0,1
VB,sizzle,0,0,0,0,0,0,0,0,0,0
VB,skew,0,0,0,0,0,0,0,0,0,0
VB,skid,0,0,0,0,0,0,0,0,0,0
VB,skirmish,1,0,0,0,0,0,0,0,0,1
VB,slam,1,1,0,0,0,0,1,0,0,1
VB,slander,1,0,0,0,1,0,0,0,0,1
VB,slap,1,0,0,0,0,0,1,0,0,1
VB,slash,1,0,0,0,0,0,0,0,0,1
VB,slaughter,0,1,1,0,1,0,0,0,0,1
VB,slave,1,1,1,0,0,0,0,0,0,1
VB,slay,1,0,0,0,0,0,0,0,0,1
VB,slime,0,0,0,0,1,0,0,0,0,1
VB,slip,0,0,0,0,0,0,0,0,0,0
VB,slop,0,0,0,0,0,0,0,0,0,0
VB,slug,1,0,0,0,0,0,0,0,0,1
VB,slum,0,0,0,0,0,0,0,0,0,0
VB,slump,0,0,1,0,0,0,0,0,0,1
VB,slur,0,0,0,0,0,0,0,0,0,0
VB,slush,0,0,0,0,0,0,0,0,0,0
VB,smack,1,0,0,0,0,0,0,0,0,1
VB,smash,1,1,0,0,0,0,0,0,0,1
VB,smell,0,0,0,0,0,0,0,0,0,0
VB,smile,0,0,0,1,0,1,1,0,1,0
VB,smite,1,1,1,0,0,0,0,0,0,1
VB,smother,0,0,0,0,0,0,0,0,0,0
VB,smuggle,0,0,0,0,0,0,0,0,0,0
VB,smut,0,1,0,0,1,0,0,0,0,1
VB,snag,0,0,0,0,0,0,1,0,0,0
VB,snake,0,0,0,0,0,0,0,0,0,0
VB,snare,0,1,0,0,0,0,0,0,0,1
VB,snarl,1,0,0,0,1,0,0,0,0,1
VB,sneak,0,0,0,0,0,0,0,0,0,0
VB,sneer,1,0,0,0,1,0,0,0,0,1
VB,sneeze,0,0,0,0,0,0,0,0,0,0
VB,snort,0,0,1,0,0,0,0,0,0,1
VB,sob,0,0,1,0,0,0,0,0,0,1
VB,soil,0,0,0,0,0,0,0,0,0,0
VB,soldier,0,0,0,0,0,0,0,0,0,0
VB,sonnet,0,0,0,0,0,0,0,0,0,0
VB,soot,0,0,0,0,0,0,0,0,0,0
VB,soothe,0,0,0,1,0,1,0,0,1,0
VB,sorrow,0,1,1,0,0,0,0,0,0,1
VB,sour,0,0,0,0,1,0,0,0,0,1
VB,spank,1,1,1,0,0,0,0,0,0,1
VB,sparkle,0,0,0,0,0,0,0,0,0,0
VB,spat,1,0,0,0,0,0,0,0,0,1
VB,spear,1,1,0,0,0,0,0,1,0,1
VB,specialize,0,0,0,0,0,1,0,0,1,0
VB,speck,0,0,0,0,0,0,0,0,0,0
VB,spew,0,0,0,0,1,0,0,0,0,1
VB,spike,0,1,0,0,0,0,0,0,0,1
VB,spirit,0,0,0,1,0,0,1,1,1,0
VB,spit,0,0,0,0,1,0,0,0,0,1
VB,spite,1,0,0,0,0,0,0,0,0,1
VB,splash,0,0,0,0,0,0,0,0,0,0
VB,split,0,0,0,0,0,0,0,0,0,0
VB,spoil,0,0,0,0,1,0,0,0,0,1
VB,sponsor,0,0,0,0,0,1,0,0,1,0
VB,spook,0,1,0,0,0,0,0,0,0,1
VB,sprain,0,0,0,0,0,0,0,0,0,0
VB,spur,0,0,0,0,1,0,0,0,0,1
VB,squall,0,1,1,0,0,0,0,0,0,1
VB,squelch,1,0,0,0,1,0,0,0,0,1
VB,squirm,0,0,0,0,1,0,0,0,0,1
VB,stab,1,1,1,0,0,0,1,0,0,1
VB,stable,0,0,0,0,0,0,0,0,0,0
VB,stagger,0,0,0,0,0,0,0,0,0,0
VB,stain,0,0,0,0,1,0,0,0,0,1
VB,stalemate,1,0,0,0,1,0,0,0,0,1
VB,stalk,0,0,0,0,0,0,0,0,0,0
VB,stall,0,0,0,0,1,0,0,0,0,1
VB,star,0,0,0,1,0,1,0,1,1,0
VB,start,0,0,0,0,0,0,0,1,0,0
VB,startle,0,1,0,0,0,0,1,0,0,1
VB,startling,0,0,0,0,0,0,1,0,0,0
VB,steady,0,0,0,0,0,0,0,0,0,0
VB,steal,1,1,1,0,0,0,0,0,0,1
VB,stifle,0,1,0,0,0,0,0,0,0,1
VB,sting,1,1,0,0,0,0,0,0,0,1
VB,stink,0,0,0,0,1,0,0,0,0,1
VB,stint,0,1,1,0,0,0,0,0,0,1
VB,stomach,0,0,0,0,0,0,0,0,0,0
VB,stone,1,0,0,0,0,0,0,0,0,1
VB,stool,0,0,0,0,1,0,0,0,0,1
VB,store,0,0,0,0,0,0,0,1,0,0
VB,storm,1,0,0,0,0,0,0,0,0,1
VB,strain,1,0,0,0,0,0,0,0,0,1
VB,strangle,1,1,1,0,1,0,0,0,0,1
VB,strengthening,0,0,0,1,0,1,0,0,1,0
VB,strike,1,0,0,0,0,0,0,0,0,1
VB,strip,0,0,1,0,0,0,0,0,0,1
VB,strive,0,0,0,0,0,0,0,1,0,0
VB,stroke,0,0,0,0,0,0,0,0,0,0
VB,structure,0,0,0,0,0,0,0,0,0,0
VB,struggle,1,1,1,0,0,0,0,0,0,1
VB,stun,0,1,0,0,0,0,1,0,0,1
VB,subject,0,0,1,0,0,0,0,0,0,1
VB,submit,0,0,0,0,0,0,0,1,0,0
VB,subordinate,0,0,0,0,0,0,0,0,0,0
VB,subscribe,0,0,0,0,0,0,0,0,0,0
VB,substantiate,0,0,0,0,0,0,0,0,0,0
VB,subvert,0,1,1,0,1,0,0,0,0,1
VB,succeed,0,0,0,1,0,0,1,1,1,0
VB,sue,1,0,1,0,0,0,0,0,0,1
VB,suffer,0,1,1,0,1,0,0,0,0,1
VB,suffocate,0,1,1,0,1,0,0,0,0,1
VB,suggest,0,0,0,0,0,0,0,0,0,0
VB,sun,0,0,0,0,0,0,0,0,0,0
VB,support,0,0,0,0,0,1,0,0,1,0
VB,suppress,1,1,1,0,0,0,0,0,0,1
VB,surcharge,0,0,0,0,0,0,0,0,0,0
VB,surge,0,0,0,0,0,0,1,0,0,0
VB,surprise,0,0,0,0,0,0,1,0,0,0
VB,surrender,0,1,1,0,0,0,0,0,0,1
VB,surround,0,0,0,0,0,0,0,1,0,0
VB,suspect,0,0,0,0,0,0,0,0,0,0
VB,swamp,0,1,0,0,1,0,0,0,0,1
VB,swarm,0,0,0,0,0,0,0,0,0,0
VB,swear,0,0,0,0,0,1,0,0,1,0
VB,sweat,0,0,0,0,0,0,0,0,0,0
VB,swelling,0,0,0,0,0,0,0,0,0,0
VB,swerve,0,1,0,0,0,0,1,0,0,1
VB,swig,1,0,0,0,0,0,0,0,0,1
VB,swim,0,0,0,0,0,0,0,0,0,0
VB,sympathize,0,0,1,0,0,0,0,0,0,1
VB,synchronize,0,0,0,0,0,0,0,1,0,0
VB,syringe,0,0,0,0,0,0,0,0,0,0
VB,taboo,0,1,0,0,1,0,0,0,0,1
VB,tabulate,0,0,0,0,0,0,0,1,0,0
VB,tackle,1,0,0,0,0,0,1,0,0,1
VB,taint,0,0,1,0,0,0,0,0,0,1
VB,tantalize,0,0,0,0,1,0,0,0,0,1
VB,tariff,0,0,0,0,0,0,0,0,0,0
VB,tarnish,0,0,1,0,1,0,0,0,0,1
VB,taunt,1,1,1,0,0,0,0,0,0,1
VB,tax,0,0,0,0,0,0,0,0,0,0
VB,teach,0,0,0,0,0,0,0,0,0,0
VB,team,0,0,0,0,0,0,0,0,0,0
VB,tease,1,0,1,0,0,0,0,0,0,1
VB,tender,0,0,0,0,0,0,0,0,0,0
VB,terminate,0,0,0,0,0,0,0,0,0,0
VB,terrorize,1,1,1,0,0,0,0,0,0,1
VB,think,0,0,0,0,0,0,0,1,0,0
VB,thirst,0,0,1,0,0,0,0,1,0,1
VB,thrash,1,1,1,0,1,0,0,0,0,1
VB,threaten,1,1,0,0,0,0,0,1,0,1
VB,thresh,1,1,1,0,0,0,0,0,0,1
VB,thrill,0,0,0,1,0,0,1,1,1,0
VB,thrive,0,0,0,1,0,0,0,1,1,0
VB,throb,0,1,1,0,0,0,0,0,0,1
VB,throne,0,0,0,0,0,0,0,0,0,0
VB,throttle,0,0,0,0,0,0,0,0,0,0
VB,thump,1,0,0,0,0,0,0,0,0,1
VB,thunder,1,1,0,0,0,0,0,0,0,1
VB,thwart,0,0,0,0,0,0,0,0,0,0
VB,tickle,0,0,0,1,0,0,1,0,1,0
VB,tighten,0,0,0,0,0,0,0,0,0,0
VB,time,0,0,0,0,0,0,0,0,0,0
VB,tinsel,0,0,0,0,0,0,0,0,0,0
VB,title,0,0,0,0,0,0,0,0,0,0
VB,toast,0,0,0,0,0,0,0,0,0,0
VB,tolerate,1,0,1,0,0,0,0,0,0,1
VB,top,0,0,0,0,0,1,0,1,1,0
VB,topple,0,0,0,0,0,0,1,0,0,0
VB,torment,1,1,1,0,0,0,0,0,0,1
VB,torpedo,1,0,0,0,0,0,0,0,0,1
VB,torture,1,1,1,0,1,0,0,0,0,1
VB,tower,0,0,0,0,0,0,0,0,0,0
VB,track,0,0,0,0,0,0,0,0,0,0
VB,trade,0,0,0,0,0,0,0,0,0,0
VB,tramp,0,0,0,0,0,0,0,0,0,0
VB,trash,0,0,1,0,1,0,0,0,0,1
VB,travesty,0,1,1,0,1,0,0,0,0,1
VB,treasure,0,0,0,1,0,1,0,1,1,0
VB,treat,0,0,0,0,0,0,0,0,0,0
VB,tree,1,0,0,0,1,0,0,0,0,1
VB,tremble,0,1,0,0,0,0,0,0,0,1
VB,tremor,1,1,1,0,0,0,0,1,0,1
VB,trespass,1,0,0,0,0,0,0,0,0,1
VB,trick,0,0,0,0,1,0,0,0,0,1
VB,trip,0,0,0,0,0,0,0,0,0,0
VB,triumph,0,0,0,1,0,0,0,1,1,0
VB,troll,0,0,0,0,0,0,0,0,0,0
VB,truck,0,0,0,0,0,0,0,0,0,0
VB,TRUE,0,0,0,0,0,0,0,0,0,0
VB,trump,0,0,0,0,0,0,0,0,0,0
VB,truss,0,0,0,0,0,0,0,0,0,0
VB,trust,0,0,0,0,0,1,0,0,1,0
VB,tussle,1,0,0,0,0,0,0,0,0,1
VB,twinkle,0,0,0,0,0,0,0,0,0,0
VB,umpire,0,0,0,0,0,0,0,0,0,0
VB,unbridled,0,0,0,0,0,0,0,0,0,0
VB,uncover,0,0,0,0,0,0,0,0,0,0
VB,underestimate,0,0,0,0,0,0,0,0,0,0
VB,underpaid,0,0,0,0,0,0,0,0,0,0
VB,understand,0,0,0,0,0,0,0,0,0,0
VB,undertaking,0,0,0,0,0,0,0,0,0,0
VB,underwrite,0,0,0,0,0,1,0,0,1,0
VB,unfold,0,0,0,0,0,0,0,1,0,0
VB,united,0,0,0,0,0,1,0,0,1,0
VB,unseat,0,0,1,0,0,0,0,0,0,1
VB,unsettle,1,1,0,0,1,0,0,0,0,1
VB,untie,0,0,0,1,0,0,0,0,1,0
VB,uplift,0,0,0,1,0,1,0,1,1,0
VB,uprising,0,0,0,0,0,0,0,0,0,0
VB,upset,0,0,0,0,0,0,0,0,0,0
VB,usher,0,0,0,0,0,0,0,0,0,0
VB,usurp,1,0,0,0,0,0,0,0,0,1
VB,vacation,0,0,0,1,0,0,0,1,1,0
VB,vanish,0,0,0,0,0,0,1,0,0,0
VB,vanished,0,0,0,0,0,0,0,0,0,0
VB,veer,0,0,0,0,0,0,1,0,0,0
VB,vent,0,0,0,0,0,0,0,0,0,0
VB,verge,0,0,0,0,0,0,0,0,0,0
VB,verify,0,0,0,0,0,0,0,0,0,0
VB,veto,1,0,0,0,0,0,0,0,0,1
VB,victimize,1,1,1,0,1,0,0,0,0,1
VB,vindicate,0,0,0,0,0,0,0,0,0,0
VB,volunteer,0,0,0,0,0,0,0,0,0,0
VB,volunteers,0,0,0,0,0,0,0,0,0,0
VB,vomit,0,0,0,0,1,0,0,0,0,1
VB,vote,0,0,0,0,0,0,0,0,0,0
VB,vouch,0,0,0,0,0,1,0,0,1,0
VB,vow,0,0,0,1,0,1,0,1,1,0
VB,voyage,0,0,0,0,0,0,0,0,0,0
VB,waffle,0,0,1,0,0,0,0,0,0,1
VB,wage,1,0,0,0,0,0,0,0,0,1
VB,wail,0,0,1,0,0,0,0,0,0,1
VB,wait,0,0,0,0,0,0,0,1,0,0
VB,wallow,0,0,0,0,0,0,0,0,0,0
VB,wan,0,1,1,0,0,0,0,0,0,1
VB,wane,0,0,0,0,0,0,0,0,0,0
VB,want,0,0,0,0,0,0,0,0,0,0
VB,war,0,1,0,0,0,0,0,0,0,1
VB,ware,0,0,0,0,0,0,0,0,0,0
VB,warn,0,1,0,0,0,0,1,1,0,1
VB,warp,1,0,1,0,0,0,0,0,0,1
VB,waste,0,0,0,0,1,0,0,0,0,1
VB,watch,0,0,0,0,0,0,0,0,0,0
VB,waver,0,1,0,0,0,0,0,0,0,1
VB,wear,0,0,0,0,0,0,0,0,0,0
VB,weary,0,0,1,0,0,0,0,0,0,1
VB,weed,0,0,0,0,0,0,0,0,0,0
VB,weep,0,0,1,0,0,0,0,0,0,1
VB,weigh,0,0,0,0,0,0,0,0,0,0
VB,weight,0,0,0,0,0,0,0,0,0,0
VB,welcome,0,0,0,1,0,0,0,0,1,0
VB,wench,1,0,0,0,1,0,0,0,0,1
VB,whimper,0,1,1,0,0,0,0,0,0,1
VB,whine,0,0,1,0,1,0,0,0,0,1
VB,whip,1,0,0,0,0,0,0,0,0,1
VB,whirlpool,0,0,0,0,0,0,0,0,0,0
VB,white,0,0,0,0,0,0,0,0,0,0
VB,whiteness,0,0,0,0,0,0,0,0,0,0
VB,whore,0,0,0,0,1,0,0,0,0,1
VB,widow,0,0,0,0,0,0,0,0,0,0
VB,win,0,0,0,1,0,0,1,0,1,0
VB,wince,1,1,1,0,1,0,0,0,0,1
VB,witch,1,1,0,0,1,0,0,0,0,1
VB,withdraw,0,0,0,0,0,0,0,0,0,0
VB,wither,0,0,1,0,0,0,0,0,0,1
VB,withstand,0,0,0,0,0,0,0,1,0,0
VB,witness,0,0,0,0,0,1,0,0,1,0
VB,word,0,0,0,0,0,0,0,0,0,0
VB,worm,0,0,0,0,0,0,0,0,0,0
VB,worry,0,1,1,0,0,0,0,1,0,1
VB,worsen,0,0,1,0,1,0,0,0,0,1
VB,worship,0,0,0,1,0,1,0,1,1,0
VB,wound,1,1,1,0,0,0,0,0,0,1
VB,wrangle,1,1,1,0,1,0,0,0,0,1
VB,wreak,1,0,0,0,0,0,0,0,0,1
VB,wreck,1,1,1,0,1,0,0,0,0,1
VB,wring,1,0,0,0,0,0,0,0,0,1
VB,wrinkle,0,0,0,0,0,0,0,0,0,0
VB,yearn,0,0,0,1,0,0,0,1,1,0
VB,yell,1,1,0,0,0,0,1,0,0,1
VB,yelp,1,1,0,0,0,0,1,0,0,1
VB,zest,,,,,,,,,,