,POSITIVE,NEGATIVE,ANGER,ANTICIPATION,DISGUST,FEAR,JOY,SADNESS,SURPRISE,TRUST
abandon,0,1,0,0,0,1,0,1,0,0
abandoned,0,1,0,0,0,1,0,1,0,0
abandonment,0,1,0,0,0,1,0,1,0,0
abduction,0,1,0,0,0,1,0,1,1,0
aberration,0,1,0,0,1,0,0,0,0,0
abhor,0,1,1,0,1,0,0,0,0,0
abhorrent,0,1,1,0,1,0,0,0,0,0
abject,0,1,0,0,1,0,0,0,0,0
abnormal,0,1,0,0,1,0,0,0,0,0
abominable,0,1,0,0,1,1,0,0,0,0
abomination,0,1,1,0,1,1,0,0,0,0
abortion,0,1,0,0,1,1,0,1,0,0
abortive,0,1,0,0,0,0,0,1,0,0
abrupt,0,0,0,0,0,0,0,0,1,0
absolution,1,0,0,0,0,0,1,0,0,1
abuse,0,1,1,0,1,1,0,1,0,0
accelerate,0,0,0,1,0,0,0,0,0,0
accident,0,1,0,0,0,1,0,1,1,0
accidental,0,1,0,0,0,1,0,0,1,0
accidentally,0,0,0,0,0,0,0,0,1,0
accolade,1,0,0,1,0,0,1,0,0,0
accompaniment,0,0,0,1,0,0,0,0,0,0
accomplish,1,0,0,0,0,0,1,0,0,0
accomplished,1,0,0,0,0,0,1,0,0,0
accord,1,0,0,0,0,0,0,0,0,1
account,1,0,0,0,0,0,0,0,0,1
accountability,1,0,0,0,0,0,0,0,0,1
accountable,1,0,0,0,0,0,0,0,0,1
accredit,1,0,0,0,0,0,0,0,0,1
accredited,1,0,0,0,0,0,0,0,0,1
accurate,1,0,0,0,0,0,0,0,0,1
accurse,0,1,0,0,1,1,0,0,0,0
accursed,0,1,0,0,1,1,0,0,0,0
accusation,0,1,1,0,1,0,0,0,0,0
accuse,0,1,1,0,1,1,0,0,0,0
accused,0,1,1,0,1,1,0,0,0,0
accuser,0,1,1,0,1,1,0,0,0,0
accusing,0,1,1,0,1,1,0,0,0,0
ache,0,1,0,0,0,0,0,1,0,0
achieve,1,0,0,0,0,0,1,0,0,1
achievement,1,0,0,1,0,0,1,0,0,1
aching,0,1,0,0,0,0,0,1,0,0
acquire,0,0,0,1,0,0,0,0,0,0
acquiring,0,0,0,1,0,0,0,0,0,0
actionable,0,1,1,0,1,0,0,0,0,0
adhere,1,0,0,0,0,0,0,0,0,1
admirable,1,0,0,0,0,0,1,0,0,1
admiration,1,0,0,0,0,0,1,0,0,1
admire,1,0,0,0,0,0,0,0,0,1
admissible,1,0,0,0,0,0,0,0,0,1
admonition,0,1,0,0,0,1,0,0,0,0
adorable,1,0,0,0,0,0,1,0,0,0
adoration,1,0,0,0,0,0,1,0,0,1
adore,1,0,0,1,0,0,1,0,0,1
adrift,0,1,0,1,0,1,0,1,0,0
adultery,0,1,0,0,1,0,0,1,0,0
advance,1,1,0,1,0,1,1,0,1,0
advent,1,0,0,1,0,0,1,0,0,0
adventure,0,0,0,1,0,0,0,0,0,0
adversary,0,1,1,0,0,0,0,0,0,0
adverse,0,1,0,0,1,0,0,0,0,0
adversity,0,1,0,0,1,0,0,0,0,0
advocacy,1,1,1,1,0,0,1,0,0,1
affection,1,0,0,0,0,0,1,0,0,1
affirm,1,0,0,0,0,0,0,0,0,1
affirmatively,1,0,0,0,0,0,0,0,0,1
afflict,0,1,0,0,1,0,0,1,0,0
affliction,0,1,0,0,1,0,0,1,0,0
affluence,1,0,0,0,0,0,1,0,0,0
affront,0,1,1,0,1,1,0,1,0,0
afraid,0,1,0,0,0,1,0,0,0,0
aftermath,0,1,1,0,1,1,0,1,0,0
aggravate,0,1,1,0,0,0,0,0,0,0
aggravated,0,1,1,0,0,0,0,0,0,0
aggravating,0,1,1,0,0,0,0,1,0,0
aggravation,0,1,1,0,1,0,0,0,0,0
aggression,0,1,1,0,0,1,0,0,0,0
aggressive,0,1,1,0,0,1,0,0,0,0
aggressor,0,1,1,0,0,1,0,0,0,0
aghast,0,1,0,0,1,1,0,0,1,0
agitate,0,1,1,0,0,0,0,0,0,0
agitated,0,1,1,0,0,0,0,0,0,0
agitation,0,1,1,0,0,0,0,0,0,0
agonize,0,1,0,0,0,1,0,0,0,0
agonizing,0,1,0,0,0,1,0,0,0,0
agony,0,1,1,0,1,1,0,1,0,0
ail,0,1,0,0,0,0,0,1,0,0
ailing,0,1,0,0,0,0,0,1,0,0
airs,0,1,0,0,1,0,0,0,0,0
alarm,0,1,0,0,0,1,0,0,1,0
alarming,0,1,0,0,0,1,0,0,1,0
alcoholism,0,1,1,0,1,1,0,1,0,0
alert,0,1,0,1,0,1,0,0,1,0
alertness,0,1,0,1,0,1,0,0,1,0
alerts,0,1,0,1,0,1,0,0,1,0
alien,0,1,0,0,1,1,0,0,0,0
alienate,0,1,0,0,1,0,0,0,0,0
alienated,0,1,0,0,0,0,0,1,0,0
alienation,0,1,1,0,1,1,0,1,0,0
alive,1,0,0,1,0,0,1,0,0,0
allegation,0,1,1,0,0,0,0,0,0,0
alliance,1,0,0,0,0,0,0,0,0,1
allied,1,0,0,0,0,0,0,0,0,1
allure,1,0,0,1,0,0,1,0,1,0
ally,1,0,0,0,0,0,0,0,0,1
aloha,0,0,0,1,0,0,0,0,0,0
altercation,0,1,1,0,0,0,0,0,0,0
amaze,1,0,0,0,0,0,1,0,1,0
amazingly,1,0,0,0,0,0,1,0,1,0
ambition,1,0,0,1,0,0,1,0,0,0
ambush,0,1,1,0,0,1,0,0,1,0
amen,1,0,0,0,0,0,0,0,0,1
amicable,1,0,0,0,0,0,1,0,0,1
amnesty,1,0,0,0,0,0,1,0,0,0
amour,1,0,0,0,0,0,1,0,0,1
amuse,1,0,0,0,0,0,1,0,0,0
amused,1,0,0,0,0,0,1,0,0,0
amusement,1,0,0,0,0,0,1,0,0,0
amusing,1,0,0,0,0,0,1,0,0,0
anarchism,0,1,1,0,0,1,0,0,0,0
anarchist,0,1,1,0,0,1,0,0,0,0
anarchy,0,1,1,0,0,1,0,0,0,0
anathema,0,1,0,0,1,0,0,0,0,0
anchorage,1,0,0,0,0,0,0,0,0,1
angel,1,0,0,0,0,0,0,0,0,1
angelic,1,0,0,0,0,0,0,0,0,1
anger,0,1,1,0,0,0,0,0,0,0
angry,0,1,1,0,1,0,0,0,0,0
anguish,0,1,1,0,0,1,0,1,0,0
animate,1,0,0,0,0,0,1,0,0,0
animated,1,0,0,0,0,0,1,0,0,0
animosity,0,1,1,0,1,1,0,1,0,0
animus,0,1,1,0,1,1,0,1,0,0
annihilate,0,1,1,0,0,1,0,0,0,0
annihilated,0,1,1,0,0,1,0,1,0,0
annihilation,0,1,1,0,0,1,0,1,0,0
annoy,0,1,1,0,1,0,0,0,0,0
annoyance,0,1,1,0,1,0,0,0,0,0
annoying,0,1,1,0,0,0,0,0,0,0
annulment,0,1,0,0,0,0,0,1,0,0
anomaly,0,1,0,0,0,1,0,0,1,0
antagonism,0,1,1,0,0,0,0,0,0,0
antagonist,0,1,1,0,0,0,0,0,0,0
antagonistic,0,1,1,0,1,0,0,0,0,0
antichrist,0,1,1,0,1,1,0,0,0,0
anticipation,0,0,0,1,0,0,0,0,0,0
anticipatory,0,0,0,1,0,0,0,0,0,0
antipathy,0,1,1,0,1,0,0,0,0,0
antisocial,0,1,1,0,1,1,0,1,0,0
anxiety,0,1,1,1,0,1,0,1,0,0
anxious,0,1,1,1,0,1,0,1,0,0
apache,0,1,0,0,0,1,0,0,0,0
apologetic,1,0,0,0,0,0,0,0,0,1
apologize,1,1,0,0,0,0,0,1,0,1
appal,0,1,0,0,1,1,0,0,0,0
appalling,0,1,0,0,1,1,0,0,0,0
apparition,0,1,0,0,0,1,0,0,1,0
applause,1,0,0,0,0,0,1,0,1,0
appreciation,1,0,0,0,0,0,1,0,0,1
apprehend,0,1,0,0,0,1,0,0,0,0
apprehension,0,1,0,0,0,1,0,0,0,0
apprehensive,0,1,0,1,0,1,0,0,0,0
approaching,0,0,0,1,0,0,0,0,0,0
approbation,1,0,0,0,0,0,0,0,0,1
approve,1,0,0,0,0,0,0,0,0,1
arbitration,0,0,0,1,0,0,0,0,0,0
ardent,1,0,0,1,0,0,1,0,0,0
argue,0,1,1,0,0,0,0,0,0,0
argument,0,1,1,0,0,0,0,0,0,0
argumentation,0,1,1,0,0,0,0,0,0,0
arid,0,1,0,0,0,0,0,1,0,0
armed,0,1,1,0,0,1,0,0,0,0
armory,1,0,0,0,0,0,0,0,0,1
arouse,0,0,0,1,0,0,0,0,0,0
arraignment,0,1,1,0,0,1,0,1,0,0
arrogant,0,1,1,0,1,0,0,0,0,0
arson,0,1,1,0,0,1,0,0,0,0
ash,0,1,0,0,0,0,0,1,0,0
ashamed,0,1,0,0,1,0,0,1,0,0
aspiration,1,0,0,1,0,0,1,0,1,1
aspire,1,0,0,1,0,0,1,0,0,0
aspiring,1,0,0,1,0,0,1,0,0,1
assail,0,1,1,0,0,1,0,0,1,0
assailant,0,1,1,0,0,1,0,1,0,0
assassin,0,1,1,0,0,1,0,1,0,0
assassinate,0,1,1,0,0,1,0,0,0,0
assassination,0,1,1,0,0,1,0,1,0,0
assault,0,1,1,0,0,1,0,0,0,0
assert,1,0,0,0,0,0,0,0,0,1
asserting,1,0,0,0,0,0,0,0,0,1
assessment,1,0,0,0,0,0,0,0,0,1
asshole,0,1,1,0,1,0,0,0,0,0
assist,1,0,0,0,0,0,0,0,0,1
assurance,1,0,0,0,0,0,0,0,0,1
assure,1,0,0,0,0,0,0,0,0,1
assured,1,0,0,0,0,0,0,0,0,1
assuredly,1,0,0,0,0,0,0,0,0,1
astonishingly,0,0,0,0,0,0,0,0,1,0
astonishment,1,0,0,0,0,0,1,0,1,0
astray,0,1,0,0,0,1,0,0,0,0
asylum,0,1,0,0,0,1,0,0,0,0
atone,1,0,0,1,0,0,1,0,0,1
atrocious,0,1,1,0,1,0,0,0,0,0
atrocity,0,1,1,0,1,1,0,1,0,0
atrophy,0,1,0,0,1,0,0,1,0,0
attack,0,1,1,0,0,1,0,0,0,0
attacking,0,1,1,0,1,1,0,1,0,0
attainable,0,0,0,1,0,0,0,0,0,0
attempt,0,0,0,1,0,0,0,0,0,0
attentive,1,0,0,0,0,0,0,0,0,1
attenuation,0,1,0,0,0,0,0,1,0,0
attest,1,0,0,0,0,0,0,0,0,1
attestation,1,0,0,0,0,0,0,0,0,1
auspicious,1,0,0,1,0,0,1,0,0,0
austere,0,1,0,0,0,0,0,1,0,0
authentic,1,0,0,0,0,0,0,0,0,1
authenticate,1,0,0,0,0,0,0,0,0,1
authentication,1,0,0,0,0,0,0,0,0,1
authenticity,1,0,0,0,0,0,0,0,0,1
authority,1,0,0,0,0,0,0,0,0,1
authorization,1,0,0,0,0,0,0,0,0,1
authorize,1,0,0,0,0,0,0,0,0,1
avarice,0,1,1,0,1,0,0,0,0,0
avenger,0,1,1,0,0,0,0,0,0,0
averse,0,1,1,0,1,1,0,0,0,0
aversion,0,1,1,0,1,1,0,0,0,0
await,0,0,0,1,0,0,0,0,0,0
award,1,0,0,1,0,0,1,0,1,0
awful,0,1,1,0,1,1,0,1,0,0
awkwardness,0,1,0,0,1,0,0,0,0,0
axiom,1,0,0,0,0,0,0,0,0,1
axiomatic,1,0,0,0,0,0,0,0,0,1
baby,1,0,0,0,0,0,1,0,0,0
bad,0,1,0,0,1,0,0,1,0,0
badger,0,1,0,0,1,0,0,0,0,0
badness,0,1,0,0,1,0,0,0,0,0
bait,0,1,0,0,1,1,0,0,0,0
bane,0,1,0,0,1,1,0,0,0,0
bang,0,1,1,0,1,1,0,1,0,0
banish,0,1,0,0,1,1,0,1,0,0
banishment,0,1,0,0,1,1,0,1,0,0
bankrupt,0,1,0,0,0,1,0,1,0,0
bankruptcy,0,1,0,0,1,0,0,1,0,0
banquet,1,0,0,1,0,0,1,0,0,0
banshee,0,1,1,0,1,1,0,1,0,0
barb,0,1,1,0,0,0,0,0,0,0
barbarian,0,1,0,0,1,0,0,0,0,0
barbaric,0,1,0,0,1,0,0,0,0,0
barf,0,1,0,0,1,0,0,0,0,0
bargain,1,0,0,0,0,0,0,0,0,1
bark,0,1,1,0,0,0,0,0,0,0
barren,0,1,0,0,0,0,0,1,0,0
bastard,0,1,0,0,1,0,0,0,0,0
batter,0,1,1,0,0,1,0,0,0,0
battered,0,1,1,0,0,1,0,0,0,0
battle,0,1,1,0,0,0,0,0,0,0
battlefield,0,1,0,0,0,1,0,0,0,0
bayonet,0,1,1,0,0,1,0,0,0,0
beam,1,0,0,0,0,0,1,0,0,0
beaming,1,0,0,0,0,0,1,0,0,0
beast,0,1,1,0,0,1,0,0,0,0
beastly,0,1,1,0,1,1,0,0,0,0
beat,0,1,1,0,0,1,0,1,0,0
beating,0,1,1,0,0,1,0,1,0,0
beautification,1,0,0,0,0,0,1,0,0,0
beautiful,1,0,0,0,0,0,1,0,0,0
beautify,1,0,0,0,0,0,1,0,0,0
beauty,1,0,0,0,0,0,1,0,0,0
befriend,1,0,0,0,0,0,1,0,0,1
beg,0,1,0,0,1,0,0,0,0,0
beggar,0,1,0,0,1,0,0,0,0,0
begun,0,0,0,1,0,0,0,0,0,0
behemoth,0,1,0,0,0,1,0,0,0,0
believe,1,0,0,0,0,0,0,0,0,1
believer,1,0,0,0,0,0,0,0,0,1
believing,1,0,0,0,0,0,0,0,0,1
belittle,0,1,0,0,1,0,0,1,0,0
belligerent,0,1,1,0,0,0,0,0,0,0
bellow,0,1,1,0,0,0,0,0,0,0
belt,0,1,1,0,0,1,0,0,0,0
benefactor,1,0,0,0,0,0,0,0,0,1
benevolence,1,0,0,0,0,0,1,0,0,1
benign,1,0,0,0,0,0,1,0,0,0
bequest,1,0,0,0,0,0,0,0,0,1
bereave,0,1,0,0,0,0,0,1,0,0
bereaved,0,1,0,0,0,0,0,1,0,0
bereavement,0,1,0,0,0,0,0,1,0,0
berserk,0,1,1,0,0,0,0,0,0,0
bestial,0,1,0,0,1,1,0,0,0,0
betray,0,1,0,0,1,0,0,1,0,0
betrayal,0,1,1,0,1,0,0,0,0,0
betroth,1,0,0,1,0,0,1,0,0,1
betrothed,1,0,0,1,0,0,1,0,0,1
beware,0,1,0,1,0,1,0,0,0,0
bewilder,0,1,0,0,0,1,0,0,1,0
bewildered,0,1,0,0,0,1,0,0,1,0
bewilderment,0,1,0,0,0,1,0,0,1,0
bias,0,1,0,0,1,0,0,0,0,0
bicker,0,1,1,0,1,0,0,0,0,0
bickering,0,1,1,0,1,0,0,0,0,0
bigot,0,1,1,0,1,0,0,0,0,0
bigoted,0,1,1,0,1,0,0,0,0,0
birth,1,0,0,1,0,0,1,0,0,0
birthday,1,0,0,1,0,0,1,0,1,0
bitch,0,1,1,0,1,1,0,1,0,0
bitterly,0,1,1,0,1,0,0,1,0,0
bitterness,0,1,1,0,1,0,0,1,0,0
bizarre,0,1,0,0,1,0,0,0,1,0
blackmail,0,1,1,0,0,1,0,0,0,0
blame,0,1,1,0,1,0,0,0,0,0
blasphemous,0,1,1,0,1,0,0,0,0,0
blasphemy,0,1,1,0,0,0,0,0,0,0
blast,0,1,1,0,0,1,0,0,1,0
blatant,0,1,1,0,1,0,0,0,0,0
blaze,0,1,1,0,0,0,0,0,0,0
bleak,0,1,0,0,0,0,0,1,0,0
bleed,0,1,0,0,1,1,0,1,0,0
bleeding,0,1,0,0,1,1,0,1,0,0
blemish,0,1,1,0,1,1,0,1,0,0
bless,1,0,0,1,0,0,1,0,0,1
blessed,1,0,0,0,0,0,1,0,0,0
blessing,1,0,0,1,0,0,1,0,0,1
blight,0,1,0,0,1,0,0,1,0,0
blighted,0,1,0,0,1,0,0,1,0,0
blindly,0,1,0,0,0,0,0,1,0,0
blindness,0,1,0,0,0,0,0,1,0,0
bliss,1,0,0,0,0,0,1,0,0,0
blissful,1,0,0,0,0,0,1,0,0,0
blister,0,1,0,0,1,0,0,0,0,0
blitz,0,1,1,0,0,0,0,0,1,0
bloat,0,1,0,0,1,0,0,0,0,0
blob,0,1,0,0,1,0,0,0,0,0
blockade,0,1,1,0,0,1,0,1,0,0
bloodshed,0,1,1,0,1,1,0,1,0,0
bloodthirsty,0,1,1,0,1,1,0,0,0,0
bloody,0,1,1,0,1,1,0,1,0,0
bloom,1,0,0,1,0,0,1,0,0,0
blossom,1,0,0,1,0,0,1,0,0,0
blues,0,1,0,0,0,1,0,1,0,0
blunder,0,1,0,0,1,0,0,1,0,0
board,0,0,0,1,0,0,0,0,0,0
bogus,0,1,0,0,1,0,0,0,0,0
boil,0,1,0,0,1,0,0,0,0,0
boisterous,0,1,1,0,1,0,0,0,0,0
bomb,0,1,1,0,0,1,0,0,0,0
bombard,0,1,1,0,0,1,0,0,0,0
bombardment,0,1,1,0,0,1,0,0,0,0
bomber,0,1,1,0,0,1,0,0,0,0
bonanza,1,0,0,0,0,0,1,0,0,0
bondage,0,1,0,0,0,1,0,1,0,0
bonus,1,0,0,1,0,0,1,0,1,0
boomerang,0,0,0,1,0,0,0,0,0,0
boredom,0,1,0,0,0,0,0,1,0,0
bother,0,1,1,0,0,0,0,1,0,0
bottom,0,1,0,0,0,0,0,1,0,0
bountiful,1,0,0,1,0,0,1,0,0,0
bounty,1,0,0,1,0,0,1,0,0,0
bouquet,1,0,0,0,0,0,1,0,0,0
boxing,0,1,1,0,0,0,0,0,0,0
brawl,0,1,1,0,1,1,0,0,0,0
brazen,0,1,1,0,0,0,0,0,0,0
break,0,1,1,0,0,0,0,1,0,0
breakup,0,1,0,0,0,0,0,1,0,0
bribery,0,1,0,0,1,0,0,0,0,0
bridal,1,0,0,1,0,0,1,0,0,0
bride,1,0,0,1,0,0,1,0,0,1
bridegroom,1,0,0,1,0,0,1,0,0,1
bridesmaid,1,0,0,0,0,0,1,0,0,1
brigade,0,1,1,0,0,1,0,0,0,0
brighten,1,0,0,0,0,0,1,0,1,1
brilliant,1,0,0,1,0,0,1,0,0,1
broadside,0,0,0,1,0,0,0,0,0,0
broke,0,1,0,0,0,0,0,1,0,0
broken,0,1,1,0,0,1,0,1,0,0
brothel,0,1,0,0,1,0,0,0,0,0
brotherhood,1,0,0,0,0,0,0,0,0,1
brotherly,1,0,0,1,0,0,1,0,0,1
bruise,0,1,1,0,0,0,0,1,0,0
brunt,0,1,1,0,0,0,0,0,0,0
brutal,0,1,1,0,0,1,0,0,0,0
brutality,0,1,1,0,0,1,0,0,0,0
brute,0,1,1,0,0,1,0,1,0,0
buck,0,0,0,0,0,0,0,0,1,0
buddy,1,0,0,0,0,0,0,0,0,1
buffet,0,1,1,0,0,0,0,0,0,0
bug,0,1,0,0,1,0,0,0,0,0
bugaboo,0,1,1,0,0,1,0,1,0,0
bully,0,1,1,0,0,1,0,0,0,0
bum,0,1,0,0,1,0,0,1,0,0
bummer,0,1,1,0,1,0,0,0,0,0
burdensome,0,1,0,0,0,0,0,1,0,0
burglar,0,1,0,0,1,1,0,0,0,0
burial,0,1,0,0,0,1,0,1,0,0
buried,0,1,0,0,0,1,0,1,0,0
burke,0,1,1,0,1,1,0,1,0,0
burlesque,1,0,0,0,0,0,1,0,0,0
burnt,0,1,0,0,1,0,0,0,0,0
bury,0,1,0,0,0,1,0,1,0,0
buss,1,0,0,0,0,0,1,0,0,0
bust,0,1,1,0,1,1,0,0,0,0
busted,0,1,1,0,1,1,0,0,0,0
bye,0,0,0,1,0,0,0,0,0,0
cabal,0,1,0,0,0,1,0,0,0,0
cacophony,0,1,1,0,1,0,0,0,0,0
cad,0,1,1,0,1,0,0,0,0,0
cadaver,0,1,0,0,1,1,0,1,0,0
cage,0,1,0,0,0,0,0,1,0,0
calamity,0,1,0,0,0,0,0,1,0,0
callous,0,1,1,0,1,0,0,0,0,0
candid,0,0,0,1,0,0,0,0,0,0
cane,0,1,1,0,0,1,0,0,0,0
canker,0,1,1,0,1,0,0,0,0,0
cannibal,0,1,0,0,1,1,0,0,0,0
cannibalism,0,1,0,0,1,0,0,0,0,0
cannon,0,1,1,0,0,1,0,0,0,0
captivate,1,0,0,1,0,0,1,0,1,1
captive,0,1,0,0,0,1,0,1,0,0
captivity,0,1,0,0,0,1,0,1,0,0
captor,0,1,0,0,0,1,0,0,0,0
carcass,0,1,0,0,1,1,0,1,0,0
career,0,0,0,1,0,0,0,0,0,0
carelessness,0,1,0,0,1,0,0,0,0,0
carnage,0,1,1,0,1,1,0,1,0,0
carnivorous,0,1,0,0,0,1,0,0,0,0
carol,1,0,0,0,0,0,1,0,0,0
case,0,1,0,0,0,1,0,1,0,0
cashier,0,1,0,0,1,0,0,1,0,0
casket,0,1,0,0,0,1,0,1,0,0
casualty,0,1,0,0,0,1,0,1,0,0
catastrophe,0,1,0,0,1,1,0,1,0,0
catch,0,0,0,0,0,0,0,0,1,0
caution,0,1,1,1,0,1,0,0,0,0
cautionary,0,1,0,0,0,1,0,0,0,0
cautious,0,1,0,1,0,1,0,0,0,0
cautiously,0,1,0,1,0,1,0,0,0,0
celebrated,0,0,0,1,0,0,0,0,0,0
celebration,1,0,0,0,0,0,1,0,1,0
celebrity,0,0,0,0,0,0,0,0,1,0
celecbrate,1,0,0,1,0,0,1,0,0,0
celestial,1,0,0,1,0,0,1,0,0,0
cement,1,0,0,1,0,0,0,0,0,1
cemetery,0,1,0,0,0,1,0,1,0,0
ceremony,1,0,0,0,0,0,1,0,1,0
certify,1,0,0,0,0,0,0,0,0,1
chaff,0,1,1,0,1,0,0,0,0,0
chagrin,0,1,0,0,1,0,0,1,0,0
chairman,1,0,0,0,0,0,0,0,0,1
challenge,0,1,1,0,0,0,0,0,0,0
champion,1,0,0,1,0,0,1,0,0,0
chance,0,0,0,0,0,0,0,0,1,0
chaos,0,1,1,0,0,1,0,1,0,0
chaotic,0,1,1,0,0,1,0,1,0,0
chargeable,0,1,0,0,0,1,0,1,0,0
charm,1,0,0,0,0,0,1,0,0,0
charmed,1,0,0,0,0,0,1,0,0,0
chastity,1,0,0,1,0,0,0,0,0,1
cheat,0,1,1,0,1,0,0,0,0,0
cheer,1,0,0,0,0,0,1,0,1,0
cheerful,1,0,0,0,0,0,1,0,1,0
cheerfulness,1,0,0,0,0,0,1,0,1,0
cheering,1,0,0,0,0,0,1,0,0,0
cheery,1,0,0,1,0,0,1,0,0,0
cherish,1,0,0,1,0,0,1,0,1,1
chicane,0,1,1,0,1,0,0,0,0,0
chicken,0,1,0,0,0,1,0,0,0,0
chimera,0,1,0,0,0,1,0,0,1,0
choir,1,0,0,0,0,0,1,0,0,0
choke,0,1,1,0,0,0,0,1,0,0
chronic,0,1,0,0,0,0,0,1,0,0
chuckle,1,0,0,1,0,0,1,0,1,0
clamor,0,1,1,0,1,0,0,0,0,0
clap,1,0,0,0,0,0,1,0,1,0
clash,0,1,1,0,0,0,0,0,0,0
clashing,0,1,1,0,0,0,0,0,0,0
claw,0,1,1,0,0,1,0,0,0,0
climax,1,0,0,1,0,0,1,0,1,1
clock,0,0,0,1,0,0,0,0,0,0
closeness,1,0,0,0,0,0,1,0,0,1
closure,0,0,0,1,0,0,0,0,0,0
clouded,0,1,0,0,0,0,0,1,0,0
cloudy,0,1,0,0,0,0,0,1,0,0
clown,1,1,0,1,1,0,1,0,1,0
clue,0,0,0,1,0,0,0,0,0,0
clumsy,0,1,0,0,1,0,0,0,0,0
coerce,0,1,1,0,1,1,0,0,0,0
coercion,0,1,1,0,1,1,0,1,0,0
coexist,1,0,0,0,0,0,0,0,0,1
coffin,0,1,0,0,0,1,0,1,0,0
cogent,1,0,0,0,0,0,0,0,0,1
cohesion,1,0,0,0,0,0,0,0,0,1
cohesive,1,0,0,0,0,0,0,0,0,1
collaborator,1,0,0,0,0,0,0,0,0,1
collapse,0,1,0,0,1,1,0,1,0,0
collateral,1,0,0,0,0,0,0,0,0,1
collision,0,1,1,0,0,0,0,0,0,0
collusion,1,0,0,0,0,0,0,0,0,1
coma,0,1,0,0,0,1,0,1,0,0
comatose,0,1,0,0,0,1,0,1,0,0
combat,0,1,1,0,0,1,0,0,0,0
combatant,0,1,1,0,0,1,0,0,0,0
combative,0,1,1,0,0,1,0,0,0,0
comfort,1,0,0,1,0,0,1,0,0,1
coming,0,0,0,1,0,0,0,0,0,0
commemorate,0,0,0,1,0,0,0,0,0,0
commemoration,1,0,0,1,0,0,1,0,0,0
commemorative,0,0,0,1,0,0,0,0,0,0
commendable,1,0,0,0,0,0,1,0,0,1
commit,0,1,0,0,1,0,0,0,0,0
committal,0,1,0,0,0,0,0,1,0,0
committed,1,0,0,0,0,0,0,0,0,1
commotion,0,1,1,0,0,0,0,0,0,0
communion,1,0,0,0,0,0,1,0,0,1
companion,1,0,0,0,0,0,0,0,0,1
compassion,0,1,0,0,0,0,0,1,0,0
compensate,0,0,0,1,0,0,0,0,0,0
competent,1,0,0,0,0,0,0,0,0,1
complain,0,1,1,0,0,0,0,1,0,0
complaint,0,1,1,0,0,0,0,0,0,0
compliance,1,0,0,0,0,0,0,0,0,1
complicate,0,1,1,0,0,0,0,0,0,0
compliment,1,0,0,0,0,0,1,0,1,0
compulsion,0,1,1,0,0,0,0,0,0,0
comrade,1,0,0,0,0,0,0,0,0,1
conciliation,1,0,0,0,0,0,1,0,0,1
concord,1,0,0,0,0,0,0,0,0,1
concordance,1,0,0,0,0,0,0,0,0,1
concussion,0,1,1,0,0,0,0,1,0,0
condemn,0,1,1,0,0,0,0,0,0,0
condemnation,0,1,1,0,1,0,0,0,0,0
condescension,0,1,1,0,1,0,0,1,0,0
condolence,0,1,0,0,0,0,0,1,0,0
confederate,1,0,0,0,0,0,0,0,0,1
confess,0,1,0,0,0,1,0,1,0,0
confession,0,1,0,0,0,1,0,1,0,0
confide,1,0,0,0,0,0,0,0,0,1
confidence,1,0,0,0,0,0,0,0,0,1
confident,1,0,0,0,0,0,0,0,0,1
confidential,1,0,0,0,0,0,0,0,0,1
confidentially,1,0,0,0,0,0,0,0,0,1
confine,0,1,1,0,0,1,0,1,0,0
confined,0,1,1,0,1,1,0,1,0,0
confinement,0,1,0,0,1,1,0,1,0,0
confirm,1,0,0,0,0,0,0,0,0,1
confirmation,1,0,0,0,0,0,0,0,0,1
confirmed,1,0,0,0,0,0,0,0,0,1
confiscate,0,1,1,0,0,0,0,1,0,0
conflagration,0,1,0,0,0,1,0,0,0,0
conflict,0,1,1,0,0,0,0,0,0,0
conformity,1,0,0,0,0,0,0,0,0,1
confront,0,1,1,0,0,0,0,0,0,0
confusion,0,1,0,0,1,0,0,0,0,0
congratulatory,1,0,0,0,0,0,1,0,0,0
congruence,1,0,0,0,0,0,0,0,0,1
conjecture,0,0,0,1,0,0,0,0,0,0
conjure,0,0,0,0,0,0,0,0,1,0
connective,1,0,0,0,0,0,0,0,0,1
connoisseur,1,0,0,0,0,0,0,0,0,1
conquest,0,1,1,0,0,0,0,0,0,0
conscience,1,0,0,0,0,0,0,0,0,1
conscientious,1,0,0,0,0,0,0,0,0,1
consecration,1,0,0,1,0,0,1,0,0,1
consequent,0,0,0,1,0,0,0,0,0,0
conservation,1,0,0,1,0,0,0,0,0,1
considerate,1,0,0,0,0,0,0,0,0,1
consistency,1,0,0,0,0,0,0,0,0,1
console,0,1,0,0,0,0,0,1,0,0
consort,1,0,0,0,0,0,0,0,0,1
conspiracy,0,1,0,0,0,1,0,0,0,0
conspirator,0,1,0,0,1,0,0,0,0,0
conspire,0,1,0,0,1,0,0,0,0,0
constancy,1,0,0,0,0,0,0,0,0,1
consternation,0,1,0,0,0,1,0,0,0,0
constrain,0,1,0,0,0,1,0,0,0,0
constraint,0,1,1,0,0,1,0,1,0,0
consult,1,0,0,0,0,0,0,0,0,1
contaminate,0,1,0,0,1,0,0,0,0,0
contaminated,0,1,0,0,1,1,0,0,0,0
contamination,0,1,0,0,1,0,0,0,0,0
contempt,0,1,1,0,1,0,0,0,0,0
contemptible,0,1,1,0,1,0,0,0,0,0
contemptuous,0,1,1,0,0,0,0,0,0,0
content,1,0,0,0,0,0,1,0,0,0
contentious,0,1,1,0,1,1,0,0,0,0
contingent,0,0,0,1,0,0,0,0,0,0
continuation,0,0,0,1,0,0,0,0,0,0
continue,0,0,0,1,0,0,0,0,0,0
contraband,0,1,1,0,1,1,0,0,0,0
contradict,0,1,1,0,0,0,0,0,0,0
contributor,1,0,0,0,0,0,0,0,0,1
controversial,0,1,1,0,0,0,0,0,0,0
convergence,0,0,0,1,0,0,0,0,0,0
convict,0,1,0,0,1,1,0,1,0,0
convince,0,0,0,1,0,0,0,0,0,0
convinced,1,0,0,0,0,0,0,0,0,1
convincing,1,0,0,0,0,0,0,0,0,1
cooperating,1,0,0,0,0,0,0,0,0,1
cooperation,1,0,0,0,0,0,0,0,0,1
cooperative,1,0,0,0,0,0,0,0,0,1
copycat,0,1,0,0,1,0,0,0,0,0
corpse,0,1,0,0,1,0,0,1,0,0
correctness,1,0,0,0,0,0,0,0,0,1
corroborate,1,0,0,0,0,0,0,0,0,1
corroboration,1,0,0,0,0,0,0,0,0,1
corrupt,0,1,0,0,1,0,0,0,0,0
corrupting,0,1,0,0,1,0,0,0,0,0
corruption,0,1,0,0,1,0,0,0,0,0
counselor,1,0,0,0,0,0,0,0,0,1
countdown,0,0,0,1,0,0,0,0,0,0
coup,0,1,1,0,0,0,0,0,1,0
courageous,1,0,0,0,0,0,0,0,0,1
covenant,1,0,0,0,0,0,0,0,0,1
coward,0,1,0,0,1,1,0,1,0,0
cowardice,0,1,0,0,0,1,0,0,0,0
cowardly,0,1,0,0,0,1,0,0,0,0
coy,0,1,0,0,0,1,0,0,0,0
crabby,0,1,1,0,0,0,0,0,0,0
cracked,0,1,1,0,0,1,0,0,0,0
cranky,0,1,1,0,0,0,0,0,0,0
crap,0,1,0,0,1,0,0,0,0,0
crash,0,1,0,0,0,1,0,1,1,0
crave,0,0,0,1,0,0,0,0,0,0
craving,0,0,0,1,0,0,0,0,0,0
craze,0,1,1,0,0,1,0,0,0,0
crazed,0,1,1,0,0,1,0,0,0,0
crazy,0,1,1,0,0,1,0,1,0,0
credence,1,0,0,0,0,0,0,0,0,1
credibility,1,0,0,0,0,0,0,0,0,1
credible,1,0,0,0,0,0,0,0,0,1
credit,1,0,0,0,0,0,0,0,0,1
creditable,1,0,0,0,0,0,0,0,0,1
cremation,0,1,0,0,0,0,0,1,0,0
crime,0,1,1,0,1,0,0,0,0,0
criminal,0,1,1,0,1,1,0,0,0,0
criminality,0,1,1,0,1,1,0,0,0,0
cringe,0,1,0,0,1,1,0,1,0,0
cripple,0,1,0,0,0,1,0,1,0,0
crippled,0,1,0,0,0,0,0,1,0,0
crisp,1,0,0,0,0,0,0,0,0,1
criticism,0,1,1,0,0,0,0,1,0,0
criticize,0,1,1,0,1,0,0,1,0,0
crown,1,0,0,0,0,0,1,0,1,1
crowning,1,0,0,0,0,0,1,0,0,1
crucial,1,0,0,0,0,0,0,0,0,1
crucifixion,0,1,1,0,1,1,0,1,0,0
crude,0,1,0,0,1,0,0,0,0,0
cruel,0,1,1,0,1,0,0,1,0,0
cruelly,0,1,1,0,1,0,0,1,0,0
cruelty,0,1,1,0,1,0,0,1,0,0
crumble,0,1,0,0,0,0,0,1,0,0
crusade,0,1,1,0,0,1,0,0,0,0
crush,0,1,1,0,1,0,0,0,0,0
crushed,0,1,1,0,1,0,0,0,0,0
crushing,0,1,1,0,1,0,0,0,0,0
crusty,0,1,0,0,1,0,0,0,0,0
cry,0,1,0,0,0,0,0,1,0,0
crying,0,1,0,0,0,0,0,1,0,0
cuckold,0,1,0,0,1,0,0,0,0,0
cuddle,1,0,0,0,0,0,1,0,0,1
cue,0,0,0,1,0,0,0,0,0,0
cultivate,0,0,0,1,0,0,0,0,0,0
cumbersome,0,1,0,0,0,0,0,1,0,0
cur,0,1,1,0,1,1,0,0,0,0
curable,1,0,0,0,0,0,0,0,0,1
curiosity,0,0,0,1,0,0,0,0,1,0
curse,0,1,1,0,1,0,0,1,0,0
cursed,0,1,1,0,1,0,0,1,0,0
cuss,0,1,1,0,0,0,0,0,0,0
cussed,0,1,0,0,1,0,0,0,0,0
cutthroat,0,1,1,0,0,1,0,0,0,0
cutting,0,1,1,0,1,1,0,1,0,0
daemon,0,1,1,0,1,1,0,1,0,0
daft,0,1,0,0,1,0,0,0,0,0
damage,0,1,1,0,1,0,0,1,0,0
damages,0,1,0,0,0,0,0,1,0,0
damn,0,1,1,0,1,0,0,0,0,0
damnation,0,1,1,0,0,1,0,1,0,0
dance,1,0,0,0,0,0,1,0,0,0
danger,0,1,0,0,0,1,0,1,0,0
dangerous,0,1,0,0,0,1,0,0,0,0
dank,0,1,0,0,1,0,0,0,0,0
dare,1,0,0,1,0,0,0,0,0,1
darling,1,0,0,0,0,0,1,0,0,1
dastardly,0,1,1,0,1,1,0,0,0,0
deadly,0,1,1,0,1,1,0,1,0,0
death,0,1,0,1,1,1,0,1,0,0
debacle,0,1,0,0,0,1,0,1,0,0
debauchery,0,1,0,0,1,1,0,0,0,0
debenture,0,0,0,1,0,0,0,0,0,0
debris,0,1,0,0,1,0,0,0,0,0
debt,0,1,0,0,0,0,0,1,0,0
decay,0,1,0,0,1,1,0,1,0,0
decayed,0,1,0,0,1,0,0,1,0,0
decease,0,1,0,0,0,0,0,1,0,0
deceased,0,1,0,0,0,0,0,1,0,0
deceit,0,1,1,0,1,1,0,1,0,0
deceitful,0,1,0,0,1,0,0,1,0,0
deceive,0,1,1,0,1,0,0,1,0,0
decoy,0,0,0,0,0,0,0,0,1,0
decry,0,1,1,0,0,0,0,0,0,0
defamation,0,1,0,0,1,1,0,0,0,0
defamatory,0,1,1,0,0,0,0,0,0,0
defeat,1,0,0,0,0,0,1,0,0,0
defeated,0,1,0,0,0,0,0,1,0,0
defect,0,1,0,0,1,0,0,0,0,0
defection,0,1,0,0,0,1,0,0,0,0
defective,0,1,0,0,1,0,0,0,0,0
defend,1,0,0,0,0,0,0,0,0,1
defendant,0,1,1,0,0,1,0,1,0,0
defender,1,0,0,0,0,0,0,0,0,1
defense,0,1,1,1,0,1,0,0,0,0
defenseless,0,1,0,0,0,1,0,1,0,0
deference,1,0,0,0,0,0,0,0,0,1
defiance,0,1,1,0,1,1,0,0,0,0
defiant,0,1,1,0,0,0,0,0,0,0
definitive,1,0,0,0,0,0,0,0,0,1
deformed,0,1,0,0,1,0,0,1,0,0
deformity,0,1,0,0,1,1,0,1,0,0
defraud,0,1,0,0,1,0,0,0,0,0
defy,0,1,1,0,0,1,0,1,0,0
degeneracy,0,1,1,0,1,0,0,1,0,0
degrade,0,1,0,0,1,0,0,0,0,0
degrading,0,1,0,0,1,1,0,1,0,0
delay,0,1,0,0,1,0,0,1,0,0
delegate,1,0,0,0,0,0,0,0,0,1
deleterious,0,1,1,0,1,1,0,0,0,0
delicious,1,0,0,0,0,0,1,0,0,0
delight,1,0,0,1,0,0,1,0,0,0
delighted,1,0,0,1,0,0,1,0,1,0
delightful,1,0,0,1,0,0,1,0,0,0
delinquent,0,1,1,0,1,0,0,0,0,0
delirious,0,1,0,0,0,0,0,1,0,0
delirium,0,1,0,0,1,0,0,1,0,0
deliverance,1,0,0,1,0,0,1,0,0,1
deluge,0,1,0,0,0,1,0,1,1,0
delusion,0,1,0,0,0,1,0,0,0,0
delusional,0,1,0,0,0,1,0,0,0,0
demand,0,1,1,0,0,0,0,0,0,0
demented,0,1,0,0,0,1,0,0,0,0
dementia,0,1,0,0,0,1,0,1,0,0
demise,0,1,0,0,0,1,0,1,0,0
demolish,0,1,1,0,0,0,0,1,0,0
demon,0,1,1,0,1,1,0,1,0,0
demonic,0,1,1,0,1,1,0,1,0,0
demoralize,0,1,0,0,0,1,0,1,0,0
demoralized,0,1,0,0,0,1,0,1,0,0
denounce,0,1,1,0,1,0,0,0,0,0
denunciation,0,1,1,0,1,1,0,0,0,0
deny,0,1,1,0,0,0,0,0,0,0
departed,0,1,0,0,0,0,0,1,0,0
dependent,1,0,0,0,0,0,0,0,0,1
deplorable,0,1,0,0,1,0,0,1,0,0
deplore,0,1,1,0,1,0,0,1,0,0
deportation,0,1,1,0,0,1,0,1,0,0
depository,1,0,0,0,0,0,0,0,0,1
deprave,0,1,0,0,1,0,0,1,0,0
depraved,0,1,0,0,1,0,0,1,0,0
depravity,0,1,1,0,1,0,0,0,0,0
depreciate,0,1,1,0,1,0,0,0,0,0
depress,0,1,0,0,0,1,0,1,0,0
depressed,0,1,0,0,0,1,0,1,0,0
depressing,0,1,0,0,1,0,0,1,0,0
depression,0,1,0,0,0,0,0,1,0,0
depressive,0,1,0,0,0,0,0,1,0,0
deprivation,0,1,0,0,1,1,0,1,0,0
derange,0,1,1,0,1,1,0,0,0,0
deranged,0,1,1,0,1,1,0,0,0,0
derision,0,1,1,0,1,0,0,0,0,0
derogation,0,1,1,0,1,0,0,1,0,0
derogatory,0,1,1,0,1,0,0,1,0,0
desecration,0,1,1,0,1,1,0,1,0,0
desert,0,1,1,0,1,1,0,1,0,0
deserted,0,1,1,0,1,1,0,1,0,0
deserve,1,0,0,1,0,0,0,0,0,1
desist,0,1,0,0,1,0,0,0,0,0
desolation,0,1,0,0,0,1,0,1,0,0
despair,0,1,0,0,0,0,0,1,0,0
despairing,0,1,0,0,0,0,0,1,0,0
despicable,0,1,1,0,1,0,0,0,0,0
despise,0,1,1,0,1,0,0,0,0,0
despotic,0,1,1,0,0,0,0,0,0,0
despotism,0,1,1,0,1,1,0,1,0,0
destine,0,0,0,1,0,0,0,0,0,0
destined,0,0,0,1,0,0,0,0,0,0
destitute,0,1,0,0,0,0,0,1,0,0
destroy,0,1,1,0,0,1,0,1,0,0
destroyed,0,1,1,0,0,1,0,1,0,0
destroyer,0,1,1,0,0,1,0,0,0,0
destruction,0,1,1,0,0,0,0,0,0,0
destructive,0,1,1,0,1,1,0,0,0,0
detainee,0,1,1,0,0,1,0,1,0,0
detention,0,1,0,0,0,0,0,1,0,0
deteriorate,0,1,0,0,1,0,0,1,0,0
deterioration,0,1,0,0,1,0,0,1,0,0
determinate,0,0,0,1,0,0,0,0,0,0
detest,0,1,1,0,1,0,0,0,0,0
detonate,0,1,0,0,0,1,0,0,1,0
detonation,0,1,1,0,0,0,0,0,0,0
devastate,0,1,1,0,0,1,0,1,0,0
devastating,0,1,1,0,1,1,0,1,0,0
devastation,0,1,1,0,1,1,0,1,0,0
develop,0,0,0,1,0,0,0,0,0,0
devil,0,1,1,0,1,1,0,1,0,0
devilish,0,1,0,0,1,1,0,0,0,0
diabolical,0,1,1,0,1,1,0,0,0,0
diagnosis,0,0,0,1,0,0,0,0,0,0
diatribe,0,1,1,0,1,0,0,0,0,0
dictator,0,1,0,0,1,0,0,0,0,0
dictatorial,0,1,1,0,0,0,0,0,0,0
dictatorship,0,1,1,0,1,1,0,1,0,0
dictum,1,0,0,0,0,0,0,0,0,1
die,0,1,0,0,0,1,0,1,0,0
dietary,0,0,0,1,0,0,0,0,0,0
difficult,0,1,0,0,1,1,0,0,0,0
difficulty,0,1,1,0,0,1,0,1,0,0
dignity,1,0,0,0,0,0,0,0,0,1
dike,0,1,0,0,1,0,0,0,0,0
dilapidate,0,1,0,0,1,0,0,1,0,0
dilapidated,0,1,0,0,1,0,0,1,0,0
diligence,1,0,0,0,0,0,0,0,0,1
dire,0,1,0,0,1,1,0,1,0,0
dirty,0,1,0,0,1,0,0,0,0,0
disability,0,1,0,0,0,0,0,1,0,0
disabled,0,1,0,0,0,0,0,1,0,0
disagree,0,1,1,0,0,0,0,0,0,0
disagreement,0,1,1,0,0,0,0,1,0,0
disallow,0,1,1,0,1,0,0,0,0,0
disappear,0,1,0,0,0,1,0,0,0,0
disappoint,0,1,1,0,1,0,0,1,0,0
disappointed,0,1,1,0,1,0,0,1,0,0
disappointing,0,1,0,0,0,0,0,1,0,0
disappointment,0,1,0,0,1,0,0,1,0,0
disapproval,0,1,0,0,0,0,0,1,0,0
disapprove,0,1,1,0,1,0,0,1,0,0
disapproving,0,1,1,0,1,0,0,1,0,0
disaster,0,1,1,0,1,1,0,1,0,0
disastrous,0,1,1,0,0,1,0,1,0,0
disciple,1,0,0,0,0,0,0,0,0,1
discomfort,0,1,0,0,0,0,0,1,0,0
disconnect,0,1,0,0,0,0,0,1,0,0
discontent,0,1,1,0,1,0,0,1,0,0
discord,0,1,1,0,1,0,0,0,0,0
discourage,0,1,0,0,0,0,0,1,0,0
discreet,0,0,0,1,0,0,0,0,0,0
discretion,1,0,0,1,0,0,0,0,0,1
discriminating,0,1,0,0,1,0,0,0,0,0
discrimination,0,1,1,0,1,1,0,1,0,0
disdain,0,1,1,0,1,0,0,0,0,0
disembodied,0,1,0,0,0,1,0,1,0,0
disembody,0,1,0,0,0,1,0,1,0,0
disfigure,0,1,0,0,1,0,0,1,0,0
disfigured,0,1,0,0,1,0,0,1,0,0
disgrace,0,1,1,0,1,0,0,1,0,0
disgraced,0,1,1,0,1,0,0,1,0,0
disgraceful,0,1,1,0,1,0,0,0,0,0
disgruntle,0,1,1,0,1,0,0,1,0,0
disgruntled,0,1,1,0,1,0,0,1,0,0
disgust,0,1,0,0,1,0,0,0,0,0
disgusting,0,1,0,0,1,0,0,0,0,0
dishearten,0,1,0,0,0,0,0,1,0,0
disheartened,0,1,0,0,0,0,0,1,0,0
disheartening,0,1,0,0,0,0,0,1,0,0
dishonest,0,1,1,0,1,0,0,1,0,0
dishonesty,0,1,0,0,1,0,0,0,0,0
dishonor,0,1,1,0,1,0,0,1,0,0
disillusionment,0,1,1,0,1,0,0,1,0,0
disingenuous,0,1,0,0,1,0,0,0,0,0
dislike,0,1,1,0,1,0,0,0,0,0
disliked,0,1,1,0,0,0,0,1,0,0
dismal,0,1,0,0,1,0,0,1,0,0
dismay,0,1,1,0,0,1,0,1,0,0
dismemberment,0,1,0,0,1,1,0,1,0,0
disobedience,0,1,1,0,1,0,0,0,0,0
disobedient,0,1,1,0,0,0,0,0,0,0
disobey,0,1,1,0,1,0,0,0,0,0
disorder,0,1,0,0,0,1,0,1,0,0
disparage,0,1,1,0,1,0,0,1,0,0
disparaging,0,1,1,0,1,0,0,1,0,0
disparity,0,1,1,0,1,0,0,1,0,0
dispassionate,0,1,0,0,0,0,0,1,0,0
dispel,0,1,0,0,0,0,0,1,0,0
displease,0,1,1,0,1,0,0,1,0,0
displeased,0,1,1,0,1,0,0,1,0,0
displeasure,0,1,0,0,1,0,0,0,0,0
dispossessed,0,1,0,0,0,1,0,1,0,0
dispute,0,1,1,0,0,0,0,0,0,0
disqualified,0,1,0,0,1,0,0,1,0,0
disregard,0,1,0,0,1,0,0,0,0,0
disregarded,0,1,0,0,1,0,0,0,0,0
disreputable,0,1,0,0,1,0,0,0,0,0
disrespect,0,1,1,0,0,0,0,0,0,0
disrespectful,0,1,1,0,1,0,0,0,0,0
disruption,0,1,1,0,1,0,0,0,0,0
dissension,0,1,1,0,0,0,0,0,0,0
disservice,0,1,1,0,1,0,0,1,0,0
dissident,0,1,1,0,0,1,0,0,0,0
dissonance,0,1,1,0,0,0,0,0,0,0
distaste,0,1,0,0,1,0,0,0,0,0
distasteful,0,1,0,0,1,0,0,0,0,0
distort,0,1,0,0,1,0,0,0,0,0
distorted,0,1,0,0,1,0,0,0,0,0
distraught,0,1,0,0,0,0,0,1,0,0
distress,0,1,1,0,1,1,0,1,0,0
distressed,0,1,0,0,0,0,0,1,0,0
distressing,0,1,1,0,0,1,0,0,0,0
distrust,0,1,0,0,1,0,0,0,0,0
disturb,0,1,1,0,0,0,0,1,0,0
disturbance,0,1,1,0,0,0,0,1,0,0
disturbed,0,1,1,0,0,0,0,1,0,0
diversion,0,0,0,0,0,0,0,0,1,0
divorce,0,1,1,0,1,1,0,1,0,0
dolor,0,1,0,0,0,0,0,1,0,0
domination,0,1,1,0,0,1,0,1,0,0
doom,0,1,0,0,0,1,0,1,0,0
doomed,0,1,0,0,0,1,0,1,0,0
doubtless,1,0,0,0,0,0,0,0,0,1
downfall,0,1,0,0,0,1,0,1,0,0
downright,1,0,0,0,0,0,0,0,0,1
drab,0,1,0,0,0,0,0,1,0,0
dragon,0,1,0,0,0,1,0,0,0,0
dread,0,1,0,1,0,1,0,0,0,0
dreadful,0,1,1,0,1,1,0,1,0,0
dreadfully,0,1,0,0,1,1,0,1,1,0
dreary,0,1,0,0,0,0,0,1,0,0
drivel,0,1,0,0,1,0,0,0,0,0
drool,1,1,0,0,1,0,1,0,0,0
drug,0,1,0,0,0,0,0,1,0,0
drugged,0,1,0,0,0,0,0,1,0,0
drunken,0,1,0,0,1,0,0,0,0,0
dubious,0,1,0,0,0,1,0,0,0,0
duel,0,1,1,0,0,1,0,0,0,0
dull,0,1,0,0,0,0,0,1,0,0
dumps,0,1,1,0,0,0,0,1,0,0
dung,0,1,0,0,1,0,0,0,0,0
dungeon,0,1,0,0,0,1,0,0,0,0
dupe,0,1,1,0,0,0,0,0,0,0
duplicity,0,1,1,0,0,0,0,0,0,0
durability,1,0,0,0,0,0,0,0,0,1
duress,0,1,1,0,1,1,0,1,0,0
dutiful,1,0,0,1,0,0,0,0,0,1
dying,0,1,0,0,0,1,0,1,0,0
eager,1,0,0,1,0,0,1,0,1,0
eagerness,1,0,0,1,0,0,1,0,1,0
ecstasy,1,0,0,1,0,0,1,0,0,0
ecstatic,1,0,0,1,0,0,1,0,1,0
edification,1,0,0,1,0,0,1,0,0,1
efficient,1,0,0,1,0,0,0,0,0,1
egotistical,0,1,0,0,1,0,0,0,0,0
egregious,0,1,1,0,1,0,0,0,0,0
ejaculation,1,0,0,0,0,0,1,0,1,0
elate,1,0,0,0,0,0,1,0,0,0
elated,1,0,0,0,0,0,1,0,0,0
elbow,0,1,1,0,0,0,0,0,0,0
elect,1,0,0,0,0,0,0,0,0,1
elegance,1,0,0,1,0,0,1,0,0,1
elegant,1,0,0,0,0,0,1,0,0,0
elite,1,0,0,1,0,0,1,0,0,1
elucidate,1,0,0,0,0,0,0,0,0,1
emaciate,0,1,0,0,0,0,0,1,0,0
emaciated,0,1,0,0,0,0,0,1,0,0
emancipation,1,0,0,1,0,0,1,0,0,0
embarrass,0,1,0,0,0,0,0,1,0,0
embarrassment,0,1,0,0,0,1,0,1,1,0
embrace,1,0,0,0,0,0,1,0,1,1
emergency,0,1,0,0,0,1,0,1,1,0
eminence,1,0,0,0,0,0,0,0,0,1
enable,1,0,0,0,0,0,0,0,0,1
enchant,1,0,0,0,0,0,1,0,1,0
enchanted,1,0,0,0,0,0,1,0,1,0
enchanting,1,0,0,0,0,0,1,0,1,0
encourage,1,0,0,0,0,0,1,0,0,1
encroachment,0,1,0,0,0,1,0,0,0,0
encumbrance,0,1,1,0,0,1,0,1,0,0
endanger,0,1,0,1,0,1,0,0,0,0
endangered,0,1,0,0,0,1,0,0,0,0
endeavor,0,0,0,1,0,0,0,0,0,0
endemic,0,1,0,0,1,1,0,1,0,0
endow,1,0,0,0,0,0,0,0,0,1
enemy,0,1,1,0,1,1,0,0,0,0
enforce,0,1,1,0,0,1,0,0,0,0
engage,0,0,0,1,0,0,0,0,0,0
engaged,0,0,0,1,0,0,0,0,0,0
engaging,1,0,0,0,0,0,1,0,0,1
enjoy,1,0,0,1,0,0,1,0,0,0
enlighten,1,0,0,0,0,0,1,0,0,1
enlightenment,1,0,0,0,0,0,1,0,0,1
enliven,1,0,0,0,0,0,1,0,1,1
enmity,0,1,1,0,0,1,0,1,0,0
enroll,0,0,0,1,0,0,0,0,0,0
enslave,0,1,1,0,1,1,0,1,0,0
entangle,0,1,1,0,1,1,0,1,0,0
entangled,0,1,1,0,1,1,0,1,0,0
entertain,1,0,0,0,0,0,1,0,0,0
entertained,1,0,0,0,0,0,1,0,0,0
entertaining,1,0,0,1,0,0,1,0,0,0
entertainment,1,0,0,1,0,0,1,0,1,1
enthusiasm,1,0,0,1,0,0,1,0,1,0
enthusiast,1,0,0,1,0,0,1,0,1,0
entrust,1,0,0,0,0,0,0,0,0,1
epidemic,0,1,1,0,1,1,0,1,0,0
epitaph,0,1,0,0,0,0,0,1,0,0
eradicate,0,1,1,0,0,0,0,0,0,0
eradication,0,1,1,0,1,1,0,0,0,0
erotic,1,0,0,1,0,0,1,0,1,0
error,0,1,0,0,0,0,0,1,0,0
erupt,0,1,1,0,0,0,0,0,1,0
eruption,0,1,1,0,0,1,0,0,1,0
escape,0,1,0,1,0,1,0,0,0,0
escaped,0,1,0,0,0,1,0,0,0,0
eschew,0,1,0,0,0,1,0,0,0,0
escort,1,0,0,0,0,0,0,0,0,1
esteem,1,0,0,0,0,0,1,0,0,1
euthanasia,0,1,0,0,0,1,0,1,0,0
evacuate,0,1,0,0,0,1,0,0,0,0
evasion,0,1,0,0,0,1,0,1,0,0
evict,0,1,0,0,0,0,0,1,0,0
eviction,0,1,1,0,1,1,0,1,0,0
evident,1,0,0,0,0,0,0,0,0,1
evil,0,1,1,0,1,1,0,1,0,0
exacerbation,0,1,1,0,0,1,0,0,0,0
exalt,1,0,0,0,0,0,1,0,0,1
exaltation,1,0,0,0,0,0,1,0,0,1
exalted,1,0,0,0,0,0,1,0,0,1
exasperation,0,1,1,0,1,0,0,0,0,0
excel,1,0,0,1,0,0,1,0,1,1
excellence,1,0,0,0,0,0,1,0,0,1
excellent,1,0,0,0,0,0,1,0,0,1
excitation,1,0,0,0,0,0,1,0,1,0
excite,1,0,0,0,0,0,1,0,1,0
excited,1,0,0,0,0,0,1,0,1,0
excitement,1,0,0,0,0,0,1,0,1,0
exciting,1,0,0,0,0,0,1,0,1,0
exclaim,0,0,0,0,0,0,0,0,1,0
excrement,0,1,0,0,1,0,0,0,0,0
excruciate,0,1,0,0,0,1,0,0,0,0
excruciating,0,1,0,0,0,1,0,0,0,0
execution,0,1,1,0,0,1,0,1,0,0
exhaust,0,1,0,0,0,0,0,1,0,0
exhausted,0,1,0,0,0,0,0,1,0,0
exhaustion,0,1,0,0,0,0,0,1,0,0
exhaustive,1,0,0,0,0,0,0,0,0,1
exhilaration,1,0,0,0,0,0,1,0,1,0
exigent,0,1,0,1,1,0,0,0,0,0
exile,0,1,1,0,0,1,0,1,0,0
exorcism,0,1,0,0,0,1,0,1,0,0
expect,0,0,0,1,0,0,0,0,0,0
expectancy,0,0,0,1,0,0,0,0,0,0
expectant,0,0,0,1,0,0,0,0,0,0
expectation,0,0,0,1,0,0,0,0,0,0
expected,0,0,0,1,0,0,0,0,0,0
expedient,1,0,0,0,0,0,1,0,0,1
expel,0,1,1,0,1,1,0,1,0,0
experience,1,0,0,0,0,0,0,0,0,1
experienced,1,0,0,0,0,0,0,0,0,1
experiment,0,0,0,1,0,0,0,0,0,0
expert,1,0,0,0,0,0,0,0,0,1
expertise,1,0,0,0,0,0,0,0,0,1
explode,0,1,1,0,0,1,0,1,1,0
explosion,0,1,0,0,0,1,0,0,1,0
explosive,0,1,1,1,0,1,0,0,1,0
expose,0,1,0,1,0,1,0,0,0,0
expulsion,0,1,1,0,1,1,0,1,0,0
exterminate,0,1,0,0,0,1,0,1,0,0
extermination,0,1,1,0,0,1,0,0,0,0
extinguish,0,1,1,0,0,0,0,0,0,0
extricate,0,0,0,1,0,0,0,0,0,0
exuberance,1,0,0,0,0,0,1,0,0,0
eyewitness,1,0,0,0,0,0,0,0,0,1
faeces,0,1,0,0,1,0,0,0,0,0
fail,0,1,1,1,0,1,0,1,0,0
failing,0,1,1,1,0,1,0,1,0,0
failure,0,1,0,0,1,1,0,1,0,0
fain,1,0,0,0,0,0,0,0,0,1
faint,0,1,0,0,0,1,0,1,1,0
fairly,1,0,0,0,0,0,0,0,0,1
faith,1,0,0,1,0,0,0,0,0,1
faithful,1,0,0,0,0,0,0,0,0,1
faithless,0,1,0,0,1,0,0,0,0,0
fallacious,0,1,1,0,0,0,0,0,0,0
falsehood,0,1,0,0,1,0,0,0,0,0
falsification,0,1,0,0,1,0,0,0,0,0
falsify,0,1,0,0,1,0,0,0,0,0
falsity,0,1,0,0,1,0,0,0,0,0
falter,0,1,0,0,0,1,0,0,0,0
familiarity,0,0,0,1,0,0,0,0,0,0
famine,0,1,0,0,0,0,0,1,0,0
fanaticism,0,1,0,0,0,1,0,0,0,0
fancy,1,0,0,1,0,0,1,0,0,0
fanfare,1,0,0,1,0,0,1,0,1,0
farcical,0,1,0,0,1,0,0,0,0,0
fasting,0,1,0,0,0,0,0,1,0,0
fatal,0,1,1,0,0,1,0,1,0,0
fatality,0,1,0,0,0,1,0,1,0,0
fate,0,0,0,1,0,0,0,0,0,0
fatigue,0,1,0,0,0,0,0,1,0,0
fatigued,0,1,0,0,0,0,0,1,0,0
fatty,0,1,0,0,1,0,0,0,0,0
fault,0,1,0,0,0,0,0,1,0,0
faultless,1,0,0,0,0,0,0,0,0,1
favorable,1,0,0,1,0,0,1,0,0,1
favorite,1,0,0,0,0,0,1,0,0,0
fear,0,1,1,0,0,1,0,0,0,0
fearful,0,1,0,0,0,1,0,0,0,0
fearfully,0,1,0,0,0,1,0,1,1,0
feat,1,0,0,1,0,0,1,0,1,0
fecal,0,1,0,0,1,0,0,0,0,0
feces,0,1,0,0,1,0,0,0,0,0
feeble,0,1,0,0,0,0,0,1,0,0
felicity,1,0,0,0,0,0,1,0,0,0
fell,0,1,0,0,0,0,0,1,0,0
felon,0,1,0,0,0,1,0,0,0,0
fence,0,1,1,0,0,0,0,0,0,0
ferment,0,0,0,1,0,0,0,0,0,0
fermentation,0,0,0,1,0,0,0,0,0,0
ferocious,0,1,1,0,1,1,0,0,0,0
ferocity,0,1,1,0,0,0,0,0,0,0
fervor,1,1,1,0,0,0,1,0,0,0
festival,1,0,0,1,0,0,1,0,1,0
festive,1,0,0,0,0,0,1,0,0,0
fete,1,0,0,1,0,0,1,0,1,0
feud,0,1,1,0,0,0,0,0,0,0
fib,0,1,1,0,0,0,0,0,0,0
fidelity,1,0,0,0,0,0,0,0,0,1
fiend,0,1,1,0,1,1,0,0,0,0
fierce,0,1,1,0,1,1,0,0,0,0
fiesta,1,0,0,1,0,0,1,0,1,0
fight,0,1,1,0,0,1,0,0,0,0
fighting,0,1,1,0,0,0,0,0,0,0
filth,0,1,0,0,1,0,0,0,0,0
filthy,0,1,0,0,1,0,0,0,0,0
fire,0,1,0,0,0,1,0,0,0,0
firmness,1,0,0,0,0,0,0,0,0,1
fit,0,1,1,0,0,0,0,0,0,0
fitting,1,0,0,1,0,0,1,0,0,1
flabby,0,1,0,0,1,0,0,0,0,0
flaccid,0,1,0,0,0,0,0,1,0,0
flagrant,0,1,1,0,1,0,0,0,0,0
flagship,1,0,0,0,0,0,0,0,0,1
flatter,0,1,0,0,1,0,0,0,0,0
flattering,1,0,0,0,0,0,1,0,0,0
flatulence,0,1,0,0,1,0,0,0,0,0
flaw,0,1,0,0,0,0,0,1,0,0
flee,0,1,0,0,0,1,0,0,0,0
fleece,0,1,1,0,1,0,0,1,0,0
flinch,0,1,0,1,1,1,0,1,0,0
flirt,1,0,0,0,0,0,1,0,1,0
flog,0,1,1,0,1,1,0,1,0,0
flop,0,1,0,0,1,0,0,1,0,0
flounder,0,1,0,0,0,0,0,1,0,0
fluke,0,0,0,0,0,0,0,0,1,0
foe,0,1,1,0,0,1,0,0,0,0
follower,1,0,0,0,0,0,0,0,0,1
fondness,1,0,0,0,0,0,1,0,0,0
fool,0,1,0,0,1,0,0,0,0,0
foray,0,1,1,0,0,0,0,0,0,0
forbid,0,1,1,0,0,0,0,0,0,0
forbidding,0,1,1,0,0,0,0,0,0,0
force,0,1,1,0,0,1,0,0,0,0
forced,0,1,1,0,0,1,0,0,0,0
forcibly,0,1,1,0,0,1,0,0,0,0
forearm,0,1,1,1,0,0,0,0,0,0
forebode,0,0,0,1,0,0,0,0,0,0
foreboding,0,1,0,1,0,1,0,0,0,0
forecast,0,0,0,1,0,0,0,0,0,0
foreclose,0,1,0,0,0,1,0,1,0,0
foresee,0,0,0,1,0,0,0,0,0,0
foresight,0,0,0,1,0,0,0,0,0,0
forewarn,0,1,0,1,0,1,0,0,0,0
forfeit,0,1,1,0,0,0,0,1,0,0
forfeiture,0,1,0,0,0,1,0,1,0,0
forgive,1,0,0,0,0,0,0,0,0,1
forgiving,1,0,0,0,0,0,0,0,0,1
forlorn,0,1,0,0,0,0,0,1,0,0
formality,1,0,0,0,0,0,0,0,0,1
formidable,0,1,0,0,0,1,0,0,0,0
forsake,0,1,0,0,0,0,0,1,0,0
fort,1,0,0,0,0,0,0,0,0,1
fortitude,1,0,0,0,0,0,0,0,0,1
foul,0,1,1,0,1,1,0,0,0,0
fragile,0,1,0,0,0,0,0,1,0,0
frailty,0,1,0,0,0,0,0,1,0,0
frank,1,0,0,0,0,0,0,0,0,1
frankness,1,0,0,0,0,0,0,0,0,1
frantic,0,1,0,0,1,1,0,0,1,0
fraternal,1,0,0,0,0,0,0,0,0,1
fraud,0,1,1,0,0,0,0,0,0,0
fraudulent,0,1,0,0,1,0,0,0,0,0
fraught,0,1,0,0,0,1,0,1,0,0
fray,0,1,0,0,0,0,0,1,0,0
frayed,0,1,0,0,0,0,0,1,0,0
freakish,0,1,0,0,1,1,0,0,1,0
freedom,1,0,0,0,0,0,1,0,0,1
freely,1,0,0,0,0,0,1,0,0,1
frenetic,0,1,1,0,0,1,0,0,1,0
frenzied,0,1,1,0,0,1,0,0,0,0
fret,0,1,0,0,0,1,0,0,0,0
friction,0,1,1,0,0,0,0,0,0,0
friend,1,0,0,0,0,0,0,0,0,1
friendliness,1,0,0,0,0,0,0,0,0,1
friendly,1,0,0,0,0,0,0,0,0,1
friendship,1,0,0,0,0,0,0,0,0,1
fright,0,1,0,0,0,1,0,0,1,0
frighten,0,1,0,0,0,1,0,0,1,0
frightened,0,1,0,0,0,1,0,0,1,0
frightful,0,1,1,0,0,1,0,1,0,0
frisky,1,0,0,1,0,0,1,0,1,0
frolic,1,0,0,0,0,0,1,0,0,0
frown,0,1,0,0,0,0,0,1,0,0
frowning,0,1,1,0,1,0,0,1,0,0
fruitless,0,1,0,0,0,0,0,1,0,0
frustrate,0,1,1,0,1,0,0,1,0,0
frustrated,0,1,1,0,0,0,0,0,0,0
frustration,0,1,1,0,0,0,0,0,0,0
fugitive,0,1,1,0,1,1,0,1,0,0
fulfill,1,0,0,0,0,0,1,0,0,0
fulfillment,1,0,0,1,0,0,1,0,0,1
fume,0,1,1,0,0,0,0,0,0,0
fun,1,0,0,1,0,0,1,0,0,0
funeral,0,1,0,0,0,0,0,1,0,0
funk,0,1,0,0,0,0,0,1,0,0
furious,0,1,1,0,1,0,0,0,0,0
furiously,0,1,1,0,0,0,0,0,0,0
furor,0,1,1,0,0,0,0,0,0,0
fury,0,1,1,0,0,1,0,1,0,0
fuss,0,1,1,0,0,1,0,1,0,0
fussy,0,1,0,0,1,0,0,0,0,0
futile,0,1,0,0,0,0,0,1,0,0
gag,1,1,0,0,1,0,1,0,0,0
gage,1,0,0,0,0,0,0,0,0,1
gain,0,0,0,1,0,0,0,0,0,0
gall,0,1,1,0,1,0,0,0,0,0
gallows,0,1,1,0,0,1,0,1,0,0
gamble,0,0,0,1,0,0,0,0,1,0
gambler,0,0,0,1,0,0,0,0,1,0
gambling,0,0,0,1,0,0,0,0,1,0
gang,0,1,1,0,0,1,0,0,0,0
gape,0,0,0,0,0,0,0,0,1,0
garbage,0,1,0,0,1,0,0,0,0,0
garish,0,1,0,0,1,0,0,0,1,0
gash,0,1,0,0,0,1,0,0,0,0
gasp,0,0,0,0,0,0,0,0,1,0
gawk,0,1,0,0,1,0,0,0,1,0
generosity,1,0,0,1,0,0,1,0,1,1
generous,1,0,0,0,0,0,1,0,0,1
genial,1,0,0,0,0,0,1,0,0,0
gent,1,0,0,0,0,0,0,0,0,1
gentleman,1,0,0,0,0,0,0,0,0,1
germ,0,1,0,1,1,0,0,0,0,0
germination,0,0,0,1,0,0,0,0,0,0
ghastly,0,1,0,0,1,1,0,0,0,0
ghetto,0,1,0,0,1,1,0,1,0,0
ghost,0,1,0,0,0,1,0,0,0,0
ghostly,0,1,0,0,0,1,0,0,0,0
gift,1,0,0,0,0,0,1,0,1,0
giggle,1,0,0,0,0,0,1,0,0,0
glad,1,0,0,1,0,0,1,0,0,0
gladiator,0,1,0,0,0,1,0,0,0,0
gladness,1,0,0,0,0,0,1,0,0,0
glare,0,1,1,0,0,1,0,0,0,0
glaring,0,1,1,0,0,0,0,0,0,0
glee,1,0,0,0,0,0,1,0,0,0
glimmer,1,0,0,1,0,0,1,0,1,0
gloom,0,1,0,0,0,0,0,1,0,0
gloomy,0,1,0,0,0,0,0,1,0,0
glorification,1,0,0,0,0,0,1,0,0,0
glorify,1,0,0,1,0,0,1,0,1,1
glory,1,0,0,1,0,0,1,0,0,1
glow,1,0,0,1,0,0,1,0,0,0
glum,0,1,0,0,0,0,0,1,0,0
glut,0,1,0,0,1,0,0,0,0,0
gluttony,0,1,0,0,1,0,0,0,0,0
goblin,0,1,0,0,1,1,0,0,0,0
godly,1,0,0,0,0,0,1,0,0,1
godsend,1,0,0,0,0,0,1,0,1,0
goo,0,1,0,0,1,0,0,0,0,0
good,1,0,0,1,0,0,1,0,1,1
gore,0,1,0,0,1,0,0,0,0,0
gorge,0,1,0,0,1,0,0,0,0,0
gorgeous,1,0,0,0,0,0,1,0,0,0
gory,0,1,0,0,1,0,0,0,0,0
governess,1,0,0,0,0,0,0,0,0,1
graduation,1,0,0,1,0,0,1,0,0,0
grant,0,0,0,1,0,0,0,0,0,0
grasp,0,0,0,1,0,0,0,0,0,0
grasping,0,1,0,1,1,0,0,0,0,0
gratify,1,0,0,0,0,0,1,0,1,0
grating,0,1,1,0,1,0,0,0,0,0
gratitude,1,0,0,0,0,0,1,0,0,0
gratuitous,0,1,0,0,1,0,0,0,0,0
grave,0,1,0,0,0,1,0,1,0,0
gravitate,0,0,0,1,0,0,0,0,0,0
greasy,0,1,0,0,1,0,0,0,0,0
greatness,1,0,0,0,0,0,1,0,1,1
greed,0,1,1,0,1,0,0,0,0,0
greedy,0,1,0,0,1,0,0,0,0,0
grief,0,1,0,0,0,0,0,1,0,0
grievance,0,1,1,0,1,0,0,1,0,0
grieve,0,1,0,0,0,1,0,1,0,0
grievous,0,1,1,0,0,1,0,1,0,0
grim,0,1,1,1,1,1,0,0,0,0
grime,0,1,0,0,1,0,0,0,0,0
grimy,0,1,0,0,1,0,0,0,0,0
grin,0,1,0,0,1,0,0,0,0,0
grisly,0,1,0,0,1,1,0,0,0,0
groan,0,1,0,0,1,0,0,1,0,0
grope,0,1,0,0,1,1,0,0,0,0
gross,0,1,0,0,1,0,0,0,0,0
grotesque,0,1,0,0,1,0,0,0,0,0
growl,0,1,1,0,0,1,0,0,0,0
growling,0,1,1,0,1,1,0,0,0,0
grudge,0,1,1,0,0,0,0,0,0,0
gruesome,0,1,0,0,1,0,0,0,0,0
gruff,0,1,1,0,1,0,0,0,0,0
grumble,0,1,1,0,1,0,0,0,0,0
grumpy,0,1,1,0,1,0,0,1,0,0
guarantee,1,0,0,0,0,0,0,0,0,1
guard,1,0,0,0,0,0,0,0,0,1
guardian,1,0,0,0,0,0,0,0,0,1
guardianship,1,0,0,0,0,0,0,0,0,1
guide,1,0,0,0,0,0,0,0,0,1
guillotine,0,1,1,1,1,1,0,0,0,0
guilt,0,1,0,0,1,0,0,1,0,0
guilty,0,1,1,0,0,0,0,1,0,0
gullible,0,1,0,0,1,0,0,1,0,0
gun,0,1,1,0,0,1,0,0,0,0
gut,0,1,0,0,1,0,0,0,0,0
hag,0,1,0,0,1,1,0,0,0,0
haggard,0,1,0,0,0,0,0,1,0,0
hail,1,0,0,0,0,0,0,0,0,1
hairy,0,1,0,0,1,0,0,0,0,0
hallucination,0,1,0,0,0,1,0,0,0,0
halter,0,1,1,0,0,1,0,1,0,0
halting,0,1,0,0,0,0,0,1,0,0
handicap,0,1,0,0,0,0,0,1,0,0
hangman,0,1,0,0,0,1,0,0,0,0
hankering,0,0,0,1,0,0,0,0,0,0
hap,0,0,0,1,0,0,0,0,1,0
happen,0,0,0,1,0,0,0,0,0,0
happily,1,0,0,0,0,0,1,0,0,0
happiness,1,0,0,1,0,0,1,0,0,0
happy,1,0,0,1,0,0,1,0,0,1
harass,0,1,1,0,1,0,0,0,0,0
harbinger,0,0,0,1,0,0,0,0,0,0
harbor,1,0,0,0,0,0,0,0,0,1
hardened,0,1,1,0,1,1,0,0,0,0
hardship,0,1,0,0,0,0,0,1,0,0
harlot,0,1,0,0,1,0,0,0,0,0
harm,0,1,0,0,0,1,0,0,0,0
harmful,0,1,1,0,1,1,0,1,0,0
harrowing,0,1,0,0,0,1,0,0,0,0
harry,0,1,1,0,0,0,0,1,0,0
harshness,0,1,1,0,0,1,0,0,0,0
haste,0,0,0,1,0,0,0,0,0,0
hate,0,1,1,0,1,1,0,1,0,0
hateful,0,1,1,0,1,1,0,1,0,0
hatred,0,1,1,0,1,1,0,1,0,0
haughty,0,1,1,0,0,0,0,0,0,0
haunt,0,1,0,0,0,1,0,0,0,0
haunted,0,1,0,0,0,1,0,1,0,0
haven,1,0,0,0,0,0,0,0,0,1
havoc,0,1,1,0,0,1,0,0,0,0
hazard,0,1,0,0,0,1,0,0,0,0
hazardous,0,1,0,0,0,1,0,0,0,0
haze,0,1,0,0,0,1,0,0,0,0
heal,1,0,0,1,0,0,1,0,0,0
healing,1,0,0,1,0,0,1,0,0,0
healthful,1,0,0,0,0,0,1,0,0,0
heartache,0,1,0,0,0,0,0,1,0,0
heartfelt,1,0,0,0,0,0,0,0,0,1
heartily,1,0,0,0,0,0,1,0,0,0
heartless,0,1,0,0,0,0,0,1,0,0
heavenly,1,0,0,1,0,0,1,0,0,0
heavens,1,0,0,0,0,0,1,0,0,0
hedonism,1,0,0,0,0,0,1,0,0,0
hell,0,1,1,0,1,1,0,1,0,0
hellish,0,1,1,0,1,1,0,1,0,0
helper,1,0,0,0,0,0,0,0,0,1
helpful,1,0,0,0,0,0,1,0,0,1
helpless,0,1,0,0,0,1,0,1,0,0
helplessness,0,1,0,0,0,1,0,1,0,0
hemorrhage,0,1,0,0,1,1,0,1,0,0
heretic,0,1,0,0,1,0,0,0,0,0
hermit,0,1,0,0,0,0,0,1,0,0
hero,1,0,0,1,0,0,1,0,1,1
heroic,1,0,0,0,0,0,1,0,1,1
heroine,1,0,0,0,0,0,0,0,0,1
heroism,1,0,0,1,0,0,1,0,1,1
hesitation,0,1,0,0,0,1,0,0,0,0
heyday,1,0,0,1,0,0,1,0,0,1
hideous,0,1,0,0,1,1,0,1,0,0
hiding,0,1,0,0,0,1,0,0,0,0
highest,0,0,0,1,0,0,0,0,0,0
hilarious,1,0,0,0,0,0,1,0,1,0
hilarity,1,0,0,0,0,0,1,0,0,0
hindering,0,1,0,0,0,0,0,1,0,0
hiss,0,1,1,0,0,0,0,0,0,0
hit,0,1,1,0,0,0,0,0,0,0
hoax,0,1,1,0,1,0,0,1,1,0
hobby,1,0,0,0,0,0,1,0,0,0
hobo,0,1,0,0,0,0,0,1,0,0
hog,0,1,0,0,1,0,0,0,0,0
holiday,1,0,0,1,0,0,1,0,0,0
holiness,1,0,0,1,0,0,0,0,0,1
holocaust,0,1,1,0,1,1,0,1,0,0
homeless,0,1,1,1,1,1,0,0,0,0
homesick,0,1,0,0,0,0,0,1,0,0
homicidal,0,1,1,0,0,1,0,0,0,0
homicide,0,1,1,0,1,1,0,1,0,0
honest,1,0,0,0,0,0,0,0,0,1
honesty,1,0,0,0,0,0,0,0,0,1
honeymoon,1,0,0,1,0,0,1,0,1,0
honor,1,0,0,0,0,0,0,0,0,1
honorable,1,0,0,0,0,0,0,0,0,1
hood,0,1,1,0,1,1,0,0,0,0
hoot,0,1,1,0,1,0,0,0,0,0
hope,1,0,0,1,0,0,1,0,1,0
hopeful,1,0,0,1,0,0,1,0,1,0
hopeless,0,1,0,0,0,1,0,1,0,0
hopelessness,0,1,0,0,1,1,0,1,0,0
horde,0,0,0,0,0,0,0,0,1,0
horoscope,0,0,0,1,0,0,0,0,0,0
horrible,0,1,1,0,1,1,0,0,0,0
horrid,0,1,1,0,1,1,0,1,0,0
horrific,0,1,1,0,1,1,0,1,0,0
horrified,0,1,0,0,0,1,0,0,0,0
horrify,0,1,0,0,0,1,0,0,0,0
horrifying,0,1,0,0,1,1,0,1,0,0
horror,0,1,0,0,1,1,0,1,0,0
hostage,0,1,1,0,0,1,0,0,0,0
hostile,0,1,1,0,1,1,0,0,0,0
hostilities,0,1,1,0,0,1,0,0,0,0
hostility,0,1,1,0,1,0,0,0,0,0
howl,0,1,1,0,1,1,0,1,0,0
huff,0,1,1,0,1,0,0,0,0,0
hug,1,0,0,0,0,0,1,0,0,1
humanitarian,1,0,0,1,0,0,0,0,0,1
humanity,1,0,0,0,0,0,0,0,0,1
humble,0,1,0,0,1,0,0,1,0,0
humbled,0,1,0,0,0,0,0,1,0,0
humbug,0,1,1,0,1,0,0,1,0,0
humiliate,0,1,1,0,0,0,0,1,0,0
humiliating,0,1,0,0,1,0,0,0,0,0
humiliation,0,1,0,0,1,0,0,1,0,0
humility,1,0,0,0,0,0,0,0,0,1
humorous,1,0,0,0,0,0,1,0,0,0
hurrah,1,0,0,0,0,0,1,0,0,0
hurried,0,0,0,1,0,0,0,0,0,0
hurry,0,0,0,1,0,0,0,0,0,0
hurt,0,1,1,0,0,1,0,1,0,0
hurtful,0,1,1,0,1,1,0,1,0,0
hurting,0,1,1,0,0,1,0,1,0,0
hydra,0,1,0,0,0,1,0,0,0,0
hype,0,0,0,1,0,0,0,0,0,0
hypocrite,0,1,0,0,1,0,0,0,0,0
hypocritical,0,1,0,0,1,0,0,0,0,0
hypothesis,0,0,0,1,0,0,0,0,0,0
hysteria,0,1,0,0,0,1,0,0,0,0
hysterical,0,1,1,0,0,1,0,0,0,0
idiocy,0,1,0,0,1,0,0,1,0,0
idiot,0,1,0,0,1,0,0,0,0,0
idiotic,0,1,0,0,1,0,0,0,0,0
ignorant,0,1,0,0,1,0,0,0,0,0
ill,0,1,0,0,1,0,0,1,0,0
illegal,0,1,1,0,1,1,0,1,0,0
illegality,0,1,1,0,1,1,0,0,0,0
illegitimate,0,1,0,0,1,1,0,1,0,0
illicit,0,1,0,0,1,1,0,0,0,0
illiterate,0,1,0,0,1,0,0,0,0,0
illness,0,1,0,0,0,0,0,1,0,0
illuminate,0,0,0,1,0,0,0,0,0,0
illusion,0,0,0,0,0,0,0,0,1,0
immediately,0,0,0,1,0,0,0,0,0,0
imminent,0,0,0,1,0,0,0,0,0,0
immoral,0,1,1,0,1,1,0,1,0,0
immorality,0,1,0,0,1,0,0,0,0,0
impatient,0,0,0,1,0,0,0,0,0,0
impeach,0,1,0,0,1,1,0,0,0,0
impeccable,1,0,0,0,0,0,0,0,0,1
impend,0,0,0,1,0,0,0,0,0,0
impending,0,0,0,1,0,0,0,0,0,0
impolite,0,1,0,0,1,0,0,0,0,0
importance,0,0,0,1,0,0,0,0,0,0
important,1,0,0,0,0,0,0,0,0,1
impossible,0,1,0,0,0,0,0,1,0,0
impotence,0,1,1,0,0,1,0,1,0,0
impressionable,1,0,0,0,0,0,0,0,0,1
imprison,0,1,1,0,1,1,0,1,0,0
imprisoned,0,1,1,0,1,1,0,1,0,0
imprisonment,0,1,1,0,1,1,0,1,0,0
improve,0,0,0,1,0,0,0,0,0,0
improvement,1,0,0,0,0,0,1,0,0,1
imprudent,0,1,0,0,0,0,0,1,0,0
impurity,0,1,0,0,1,0,0,0,0,0
inability,0,1,0,0,0,0,0,1,0,0
inadequate,0,1,0,0,0,0,0,1,0,0
inadmissible,0,1,1,0,1,0,0,0,0,0
inappropriate,0,1,0,0,1,0,0,1,0,0
inaugural,0,0,0,1,0,0,0,0,0,0
inauguration,0,0,0,1,0,0,0,0,0,0
incarceration,0,1,1,0,1,1,0,1,0,0
incendiary,0,1,1,0,0,1,0,0,0,0
incest,0,1,1,0,1,1,0,1,0,0
incestuous,0,1,0,0,1,0,0,0,0,0
incident,0,0,0,0,0,0,0,0,1,0
incite,0,0,0,1,0,0,0,0,0,0
incompatible,0,1,1,0,1,0,0,1,0,0
incompetent,0,1,0,0,1,0,0,1,0,0
incongruous,0,1,0,0,1,0,0,1,0,0
inconsequential,0,1,0,0,0,0,0,1,0,0
inconsiderate,0,1,0,0,1,0,0,1,0,0
incontinence,0,1,0,0,1,0,0,0,0,0
inconvenient,0,1,0,0,1,0,0,1,0,0
incrimination,0,1,0,0,0,1,0,1,0,0
incubus,0,1,0,0,1,1,0,0,0,0
incurable,0,1,0,0,0,1,0,1,0,0
incursion,0,1,0,0,0,1,0,0,0,0
indecency,0,1,1,0,1,0,0,0,0,0
indecent,0,1,0,0,1,0,0,0,0,0
indefensible,0,1,0,0,0,1,0,0,0,0
indemnity,1,0,0,0,0,0,0,0,0,1
independence,1,0,0,1,0,0,1,0,1,1
indestructible,1,0,0,0,0,0,0,0,0,1
indict,0,1,1,0,0,1,0,0,0,0
indictment,0,1,0,0,0,1,0,0,0,0
indifference,0,1,0,0,1,0,0,1,0,0
indigent,0,1,0,0,0,0,0,1,0,0
indignant,0,1,1,0,0,0,0,0,0,0
indignation,0,1,1,0,1,0,0,0,0,0
inefficiency,0,1,0,0,1,0,0,1,0,0
inefficient,0,1,0,0,0,0,0,1,0,0
inept,0,1,1,0,1,0,0,0,0,0
ineptitude,0,1,0,0,1,1,0,1,0,0
inequality,0,1,0,0,0,0,0,1,0,0
inexcusable,0,1,0,0,1,0,0,1,0,0
infallibility,1,0,0,0,0,0,0,0,0,1
infamous,0,1,1,0,1,1,0,0,0,0
infamy,0,1,0,0,0,0,0,1,0,0
infanticide,0,1,1,0,1,1,0,1,0,0
inferior,0,1,0,0,0,0,0,1,0,0
inferno,0,1,1,0,0,1,0,0,0,0
infertility,0,1,0,0,0,0,0,1,0,0
infestation,0,1,0,0,1,1,0,0,0,0
infidelity,0,1,1,0,1,1,0,1,0,0
infirmity,0,1,0,0,0,0,0,1,0,0
inflict,0,1,1,0,0,1,0,1,0,0
infliction,0,1,0,0,0,1,0,1,0,0
influential,1,0,0,0,0,0,0,0,0,1
infraction,0,1,1,0,1,0,0,0,0,0
inheritance,0,0,0,1,0,0,0,0,0,0
inhibit,0,1,1,0,1,0,0,1,0,0
inhuman,0,1,1,0,1,0,0,0,0,0
inhumanity,0,1,0,0,1,0,0,0,0,0
inimical,0,1,1,0,0,0,0,0,0,0
iniquity,0,1,0,0,1,0,0,0,0,0
injure,0,1,1,0,0,1,0,1,0,0
injured,0,1,0,0,0,1,0,1,0,0
injurious,0,1,1,0,0,1,0,1,0,0
injury,0,1,1,0,0,1,0,1,0,0
injustice,0,1,1,0,0,0,0,0,0,0
inmate,0,1,0,0,0,1,0,0,0,0
innocent,1,0,0,0,0,0,0,0,0,1
insane,0,1,1,0,0,1,0,0,0,0
insanity,0,1,1,0,1,1,0,1,0,0
insecure,0,1,0,0,0,1,0,0,0,0
insecurity,0,1,0,0,0,1,0,0,0,0
insidious,0,1,1,0,1,1,0,0,0,0
insolvency,0,1,0,0,0,1,0,1,0,0
insolvent,0,1,0,0,0,1,0,1,0,0
inspiration,1,0,0,1,0,0,1,0,0,0
inspired,1,0,0,0,0,0,0,0,0,1
instability,0,1,0,0,1,1,0,0,0,0
insult,0,1,1,0,1,0,0,1,0,0
insulting,0,1,1,0,1,0,0,1,0,0
insure,1,0,0,0,0,0,0,0,0,1
insurrection,0,1,1,0,0,0,0,0,0,0
intact,1,0,0,0,0,0,0,0,0,1
integrity,1,0,0,0,0,0,0,0,0,1
intelligence,1,0,0,0,0,0,0,0,0,1
intelligent,1,0,0,0,0,0,0,0,0,1
intended,0,0,0,1,0,0,0,0,0,0
inter,0,1,0,0,0,0,0,1,0,0
intercession,1,0,0,0,0,0,0,0,0,1
interested,1,0,0,0,0,0,1,0,0,0
interment,0,1,0,0,0,0,0,1,0,0
interminable,0,0,0,1,0,0,0,0,0,0
intermission,0,0,0,1,0,0,0,0,0,0
interrogation,0,1,0,0,0,1,0,0,0,0
intimate,1,0,0,0,0,0,1,0,0,1
intimidate,0,1,0,0,0,1,0,0,0,0
intimidation,0,1,1,0,0,1,0,0,0,0
intolerable,0,1,0,0,1,0,0,0,0,0
intolerance,0,1,1,0,1,1,0,0,0,0
intolerant,0,1,1,0,1,1,0,1,0,0
intoxicate,1,0,0,0,0,0,1,0,0,0
intoxicated,0,1,0,0,1,0,0,0,0,0
intractable,0,1,1,0,0,0,0,0,0,0
intrigue,0,0,0,1,0,0,0,0,1,0
intruder,0,1,1,0,0,1,0,0,0,0
intrusion,0,1,0,0,0,1,0,0,0,0
intrusive,0,1,1,0,1,1,0,0,1,0
intuition,1,0,0,0,0,0,0,0,0,1
invade,0,1,1,0,0,1,0,1,1,0
invader,0,1,1,0,0,1,0,1,0,0
invalid,0,1,0,0,0,0,0,1,0,0
invasion,0,1,1,0,0,0,0,0,0,0
investigation,0,0,0,1,0,0,0,0,0,0
invitation,0,0,0,1,0,0,0,0,0,0
invite,1,0,0,1,0,0,1,0,1,0
inviting,1,0,0,1,0,0,1,0,1,0
invocation,0,0,0,1,0,0,0,0,0,0
invoke,0,0,0,1,0,0,0,0,0,0
irate,0,1,1,0,0,0,0,0,0,0
ire,0,1,1,0,0,0,0,0,0,0
iron,1,0,0,0,0,0,0,0,0,1
irrational,0,1,0,0,1,0,0,0,0,0
irreconcilable,0,1,1,0,0,1,0,1,0,0
irrefutable,1,0,0,0,0,0,0,0,0,1
irreparable,0,1,0,0,0,1,0,1,0,0
irritability,0,1,1,0,0,0,0,0,0,0
irritable,0,1,1,0,0,0,0,0,0,0
irritate,0,1,1,0,1,0,0,0,0,0
irritating,0,1,1,0,1,0,0,0,0,0
irritation,0,1,1,0,1,0,0,1,0,0
isolate,0,1,0,0,0,0,0,1,0,0
isolated,0,1,0,0,0,0,0,1,0,0
isolation,0,1,0,0,0,0,0,1,0,0
jail,0,1,0,0,0,1,0,1,0,0
jar,0,1,0,0,0,1,0,1,0,0
jarring,0,1,0,0,0,1,0,1,0,0
jaundice,0,1,0,0,0,1,0,0,0,0
jealous,0,1,1,0,1,0,0,0,0,0
jealousy,0,1,1,0,1,1,0,1,0,0
jeopardize,0,1,1,0,0,1,0,0,0,0
jeopardy,0,1,0,1,0,1,0,0,0,0
jerk,0,1,1,0,0,0,0,0,1,0
jest,1,0,0,0,0,0,1,0,0,0
joker,1,0,0,0,0,0,1,0,0,0
jolt,0,0,0,0,0,0,0,0,1,0
jovial,1,0,0,0,0,0,1,0,0,0
joy,1,0,0,0,0,0,1,0,0,0
joyful,1,0,0,0,0,0,1,0,0,0
joyous,1,0,0,0,0,0,1,0,0,0
jubilant,1,0,0,0,0,0,1,0,1,0
jubilee,1,0,0,0,0,0,1,0,1,0
judicious,1,0,0,0,0,0,0,0,0,1
jury,1,0,0,0,0,0,0,0,0,1
justifiable,1,0,0,0,0,0,0,0,0,1
kick,0,1,1,0,0,0,0,0,0,0
kidnap,0,1,1,0,0,1,0,1,1,0
kill,0,1,0,0,0,1,0,1,0,0
killing,1,1,1,0,0,1,1,1,0,0
kind,1,0,0,0,0,0,1,0,0,1
kiss,1,0,0,1,0,0,1,0,1,0
kite,0,1,0,0,1,0,0,0,0,0
knell,0,1,0,0,0,1,0,1,0,0
kudos,1,0,0,0,0,0,1,0,0,0
labor,1,0,0,1,0,0,1,0,1,1
labored,0,1,0,0,0,0,0,1,0,0
lament,0,1,0,0,0,0,0,1,0,0
lamenting,0,1,0,0,0,0,0,1,0,0
languish,0,1,0,0,0,1,0,1,0,0
larceny,0,1,0,0,1,0,0,0,0,0
lash,0,1,1,0,0,1,0,0,0,0
laugh,1,0,0,0,0,0,1,0,1,0
laughable,0,1,0,0,1,0,0,0,0,0
laughing,1,0,0,0,0,0,1,0,0,0
laughter,1,0,0,0,0,0,1,0,1,0
laureate,1,0,0,0,0,0,0,0,0,1
laurels,1,0,0,0,0,0,1,0,0,0
lawful,1,0,0,0,0,0,0,0,0,1
lawlessness,0,1,1,0,0,1,0,0,0,0
lead,1,0,0,0,0,0,0,0,0,1
leader,1,0,0,0,0,0,0,0,0,1
leading,1,0,0,0,0,0,0,0,0,1
leave,0,1,0,0,0,0,0,1,1,0
leech,0,1,0,0,1,1,0,0,0,0
leer,0,1,0,0,1,0,0,0,0,0
leery,0,1,0,0,1,0,0,0,0,0
legislator,1,0,0,0,0,0,0,0,0,1
legislature,1,0,0,0,0,0,0,0,0,1
legitimacy,1,0,0,0,0,0,0,0,0,1
leisure,1,0,0,1,0,0,1,0,0,0
lethal,0,1,0,0,1,1,0,1,0,0
lethargy,0,1,0,0,0,0,0,1,0,0
letter,0,0,0,1,0,0,0,0,0,0
lettered,1,0,0,1,0,0,0,0,0,1
lewd,0,1,0,0,1,0,0,0,0,0
liar,0,1,0,0,1,0,0,0,0,0
libel,0,1,1,0,0,1,0,0,0,0
liberate,1,0,0,1,0,0,1,0,0,0
liberation,1,0,0,1,0,0,1,0,1,0
liberty,1,0,0,1,0,0,1,0,1,0
lick,1,0,0,0,0,0,1,0,0,0
lie,0,1,1,0,1,0,0,1,0,0
lifeless,0,1,0,0,0,1,0,1,0,0
liking,1,0,0,0,0,0,1,0,0,0
linger,0,0,0,1,0,0,0,0,0,0
listless,0,1,0,0,0,0,0,1,0,0
litigate,0,1,1,0,1,1,0,1,0,0
litigious,0,1,1,0,1,0,0,0,0,0
livid,0,1,0,0,1,0,0,0,0,0
loath,0,1,1,0,0,0,0,0,0,0
loathe,0,1,1,0,1,0,0,0,0,0
loathing,0,1,0,0,1,0,0,0,0,0
loathsome,0,1,1,0,1,0,0,0,0,0
lockup,0,1,0,0,0,1,0,1,0,0
lone,0,1,0,0,0,0,0,1,0,0
loneliness,0,1,0,0,0,0,0,1,0,0
lonely,0,1,0,0,0,0,0,1,0,0
lonesome,0,1,0,0,0,0,0,1,0,0
long,0,0,0,1,0,0,0,0,0,0
longing,0,1,0,1,0,0,0,1,0,0
loom,0,1,0,1,0,1,0,0,0,0
loon,0,1,0,0,1,0,0,0,0,0
lose,0,1,0,0,0,1,0,1,0,0
loss,0,1,0,0,0,1,0,1,0,0
lost,0,1,0,0,0,0,0,1,0,0
lovable,1,0,0,0,0,0,1,0,0,1
love,1,0,0,0,0,0,1,0,0,0
lovely,1,0,0,0,0,0,1,0,1,0
lovemaking,1,0,0,0,0,0,1,0,0,1
lover,1,0,0,1,0,0,1,0,0,1
loving,1,0,0,0,0,0,1,0,0,1
lowly,0,1,0,0,0,0,0,1,0,0
loyal,1,0,0,0,0,0,0,0,0,1
loyalty,1,0,0,0,0,0,0,0,0,1
lucky,1,0,0,0,0,0,1,0,1,0
lull,0,0,0,1,0,0,0,0,0,0
lunacy,0,1,1,0,1,1,0,1,0,0
lunatic,0,1,1,0,1,1,0,0,0,0
lunge,0,0,0,0,0,0,0,0,1,0
lurid,0,1,0,0,1,0,0,0,0,0
luscious,1,0,0,1,0,0,1,0,0,0
lush,0,1,0,0,1,0,0,1,0,0
lust,0,0,0,1,0,0,0,0,0,0
luster,1,0,0,0,0,0,1,0,0,0
lusty,1,0,0,0,0,0,1,0,0,0
lying,0,1,1,0,1,0,0,0,0,0
lynch,0,1,1,0,1,1,0,1,0,0
mad,0,1,1,0,1,1,0,1,0,0
madden,0,1,1,0,0,1,0,0,0,0
madman,0,1,1,0,0,1,0,0,0,0
madness,0,1,1,0,0,1,0,0,0,0
mafia,0,1,0,0,0,1,0,0,0,0
magical,1,0,0,0,0,0,1,0,1,0
magician,0,0,0,0,0,0,0,0,1,0
magnificence,1,0,0,1,0,0,1,0,0,0
magnificent,1,0,0,1,0,0,1,0,0,0
mainstay,1,0,0,0,0,0,0,0,0,1
majestic,1,0,0,1,0,0,1,0,1,0
majesty,1,0,0,0,0,0,0,0,0,1
malaise,0,1,0,0,0,0,0,1,0,0
malevolent,0,1,1,0,1,1,0,1,0,0
malfeasance,0,1,0,0,1,0,0,0,0,0
malice,0,1,1,0,0,1,0,0,0,0
malicious,0,1,1,0,1,1,0,1,0,0
malign,0,1,1,0,1,0,0,0,0,0
malignancy,0,1,0,0,0,1,0,1,0,0
malignant,0,1,1,0,0,1,0,0,0,0
manage,1,0,0,0,0,0,0,0,0,1
management,1,0,0,0,0,0,0,0,0,1
mangle,0,1,1,0,1,1,0,1,0,0
maniac,0,1,1,0,0,1,0,0,0,0
manipulation,0,1,0,0,1,0,0,0,0,0
manslaughter,0,1,1,0,1,1,0,1,0,0
marriage,1,0,0,1,0,0,1,0,0,1
marry,1,0,0,1,0,0,1,0,1,1
martyr,0,1,0,0,0,1,0,1,0,0
martyrdom,0,1,0,0,0,1,0,1,0,0
marvel,0,0,0,0,0,0,0,0,1,0
marvelous,1,0,0,0,0,0,1,0,0,0
marvelously,1,0,0,0,0,0,1,0,0,0
masochism,0,1,1,0,1,1,0,0,0,0
massacre,0,1,1,0,1,1,0,1,0,0
mastery,1,0,0,0,0,0,0,0,0,1
mate,1,0,0,0,0,0,0,0,0,1
materialist,0,1,0,0,1,0,0,0,0,0
matrimony,1,0,0,1,0,0,1,0,0,1
maxim,1,0,0,0,0,0,0,0,0,1
meaningless,0,1,0,0,0,0,0,1,0,0
medal,1,0,0,0,0,0,1,0,1,0
meddle,0,1,1,0,0,0,0,0,0,0
mediate,1,0,0,1,0,0,0,0,0,1
mediator,1,0,0,1,0,0,0,0,0,1
meditate,1,0,0,0,0,0,1,0,0,1
melancholic,0,1,0,0,0,0,0,1,0,0
melancholy,0,1,0,0,0,0,0,1,0,0
melee,0,1,1,0,0,1,0,0,0,0
melodrama,0,1,1,0,0,0,0,0,0,0
memorable,1,0,0,0,0,0,1,0,1,0
menace,0,1,1,0,0,1,0,0,0,0
menacing,0,1,1,0,0,1,0,0,0,0
mentor,1,0,0,0,0,0,0,0,0,1
mercenary,0,1,0,0,1,0,0,0,0,0
merciless,0,1,0,0,0,1,0,0,0,0
merge,0,0,0,1,0,0,0,0,0,0
merit,1,0,0,0,0,0,0,0,0,1
meritorious,1,0,0,0,0,0,1,0,0,1
merriment,1,0,0,0,0,0,1,0,1,0
merry,1,0,0,0,0,0,1,0,0,0
mess,0,1,0,0,1,0,0,0,0,0
messy,0,1,0,0,1,0,0,0,0,0
mighty,1,0,0,1,0,0,0,0,0,1
mildew,0,1,0,0,1,0,0,0,0,0
miracle,1,0,0,1,0,0,1,0,1,1
miraculous,1,0,0,0,0,0,1,0,1,0
mire,0,1,0,0,1,0,0,0,0,0
mirth,1,0,0,0,0,0,1,0,0,0
misbehavior,0,1,1,0,1,0,0,0,0,0
miscarriage,0,1,0,0,0,1,0,1,0,0
misconduct,0,1,0,0,1,0,0,0,0,0
miserable,0,1,1,0,1,0,0,1,0,0
miserably,0,1,0,0,0,0,0,1,0,0
misery,0,1,1,0,1,1,0,1,0,0
misfortune,0,1,0,0,0,1,0,1,0,0
misguide,0,1,0,0,1,0,0,0,0,0
misguided,0,1,0,0,1,0,0,0,0,0
mishap,0,1,0,0,1,1,0,1,1,0
mislead,0,1,1,0,1,0,0,0,0,0
misleading,0,1,1,0,1,0,0,0,0,0
misplace,0,1,1,0,1,0,0,0,0,0
misrepresent,0,1,1,0,0,0,0,0,0,0
misrepresentation,0,1,0,0,0,0,0,1,0,0
misrepresented,0,1,1,0,0,0,0,0,0,0
missing,0,1,0,0,0,1,0,1,0,0
misstatement,0,1,0,0,1,0,0,0,0,0
mistake,0,1,0,0,0,0,0,1,0,0
mistrust,0,1,0,0,1,1,0,0,0,0
moan,0,1,0,0,0,0,0,1,0,0
mob,0,1,1,0,0,1,0,0,0,0
mock,0,1,1,0,1,0,0,1,0,0
mockery,0,1,0,0,1,0,0,0,0,0
mocking,0,1,1,0,1,0,0,1,0,0
modest,1,0,0,0,0,0,0,0,0,1
molestation,0,1,1,0,1,1,0,1,0,0
monster,0,1,0,0,0,1,0,0,0,0
monstrosity,0,1,1,0,1,1,0,0,1,0
moody,0,1,1,0,0,0,0,1,0,0
morbid,0,1,0,0,0,0,0,1,0,0
morbidity,0,1,0,0,0,0,0,1,0,0
morgue,0,1,0,0,1,1,0,1,0,0
moribund,0,1,0,0,0,0,0,1,0,0
morn,0,0,0,1,0,0,0,0,0,0
mortality,0,1,0,0,0,0,0,1,0,0
mortification,0,1,0,1,1,1,0,1,0,0
mortuary,0,1,0,0,0,1,0,1,0,0
mother,1,0,0,0,0,0,0,0,0,1
motherhood,1,0,0,0,0,0,1,0,0,1
mourn,0,1,0,0,0,0,0,1,0,0
mournful,0,1,1,0,0,1,0,1,0,0
mourning,0,1,0,0,0,0,0,1,0,0
muck,0,1,0,0,1,0,0,0,0,0
mug,0,1,1,0,0,1,0,1,0,0
murder,0,1,1,0,1,1,0,1,0,0
murderer,0,1,1,0,1,1,0,1,0,0
murderous,0,1,1,0,1,1,0,1,0,0
musty,0,1,0,0,1,0,0,0,0,0
mutable,0,0,0,1,0,0,0,0,0,0
mutilate,0,1,0,0,1,0,0,0,0,0
mutilated,0,1,0,0,1,0,0,0,0,0
mutilation,0,1,1,0,1,1,0,1,0,0
mutiny,0,1,1,0,1,1,0,0,1,0
mysterious,0,1,0,1,0,1,0,0,1,0
mystery,0,0,0,1,0,0,0,0,1,0
nab,0,0,0,0,0,0,0,0,1,0
nag,0,1,1,0,0,0,0,0,0,0
nascent,0,0,0,1,0,0,0,0,0,0
nasty,0,1,1,0,1,1,0,1,0,0
navigable,0,0,0,1,0,0,0,0,0,0
nefarious,0,1,0,0,1,1,0,1,1,0
negative,0,1,0,0,0,0,0,1,0,0
neglect,0,1,1,0,1,0,0,1,0,0
neglected,0,1,1,0,1,0,0,1,0,0
nepotism,0,1,1,0,1,0,0,1,0,0
nervous,0,1,0,0,0,1,0,0,0,0
nervousness,0,1,0,0,0,1,0,0,0,0
nestle,1,0,0,0,0,0,0,0,0,1
nettle,0,1,1,0,1,0,0,0,0,0
nightmare,0,1,0,0,0,1,0,0,0,0
nobility,1,0,0,1,0,0,0,0,0,1
noble,1,0,0,0,0,0,0,0,0,1
nobleman,1,0,0,0,0,0,0,0,0,1
noisy,0,1,0,0,1,0,0,0,0,0
noncompliance,0,1,1,1,0,1,0,1,0,0
nonsensical,0,1,0,0,0,0,0,1,0,0
noose,0,1,0,0,0,0,0,1,0,0
notable,1,0,0,0,0,0,0,0,0,1
nothingness,0,1,0,0,0,0,0,1,0,0
notification,0,0,0,1,0,0,0,0,0,0
notoriety,0,1,1,0,1,1,0,0,0,0
noxious,0,1,0,0,1,1,0,0,0,0
nuisance,0,1,1,0,0,0,0,0,0,0
numbness,0,1,0,0,0,0,0,1,0,0
nurture,1,0,0,1,0,0,1,0,0,0
oath,1,0,0,0,0,0,0,0,0,1
obedience,1,0,0,0,0,0,0,0,0,1
obey,1,1,0,0,0,1,0,0,0,1
obi,0,1,0,0,1,1,0,0,0,0
obit,0,1,0,0,0,0,0,1,0,0
obituary,0,1,0,0,0,0,0,1,0,0
objection,0,1,1,0,0,0,0,0,0,0
objective,0,0,0,1,0,0,0,0,0,0
oblige,0,1,1,1,1,1,0,0,0,0
obliging,1,0,0,0,0,0,1,0,1,0
obliterate,0,1,1,0,0,1,0,1,0,0
obliterated,0,1,1,0,0,1,0,0,0,0
obliteration,0,1,0,0,0,1,0,1,0,0
obnoxious,0,1,1,0,1,0,0,1,0,0
obscene,0,1,0,0,1,0,0,0,0,0
obscenity,0,1,1,0,1,0,0,0,0,0
obstacle,0,1,1,0,0,1,0,1,0,0
occult,0,1,0,0,1,1,0,0,0,0
oddity,0,1,0,0,1,0,0,0,1,0
odious,0,1,1,0,1,1,0,0,0,0
offend,0,1,1,0,1,0,0,0,0,0
offended,0,1,1,0,0,0,0,1,0,0
offender,0,1,1,0,1,1,0,1,0,0
offense,0,1,1,0,1,1,0,1,0,0
offensive,0,1,1,0,1,0,0,0,0,0
ogre,0,1,0,0,1,1,0,0,0,0
omen,0,0,0,1,0,0,0,0,0,0
ominous,0,1,0,1,0,1,0,0,0,0
omnipotence,1,0,0,0,0,0,0,0,0,1
omniscient,1,0,0,0,0,0,0,0,0,1
onerous,0,1,1,0,0,0,0,1,0,0
ongoing,0,0,0,1,0,0,0,0,0,0
onset,0,0,0,1,0,0,0,0,0,0
ooze,0,1,0,0,1,0,0,0,0,0
opinionated,0,1,1,0,0,0,0,0,0,0
opponent,0,1,1,1,1,1,0,0,0,0
opportune,1,0,0,0,0,0,1,0,0,0
opportunity,0,0,0,1,0,0,0,0,0,0
oppose,0,1,1,0,0,1,0,0,0,0
opposed,0,1,1,0,0,1,0,0,0,0
opposition,0,1,1,0,0,0,0,0,0,0
oppress,0,1,1,0,1,1,0,1,0,0
oppression,0,1,1,0,1,1,0,1,0,0
oppressive,0,1,1,0,1,1,0,1,0,0
oppressor,0,1,1,0,0,1,0,1,0,0
optimism,1,0,0,1,0,0,1,0,1,1
optimist,1,0,0,0,0,0,0,0,0,1
oracle,1,0,0,1,0,0,0,0,0,1
ordeal,0,1,1,0,0,0,0,0,1,0
ordination,1,0,0,1,0,0,1,0,0,1
orgasm,1,0,0,1,0,0,1,0,0,0
originality,0,0,0,0,0,0,0,0,1,0
orphan,0,1,0,0,0,1,0,1,0,0
oust,0,1,1,0,0,0,0,1,0,0
outburst,0,1,1,0,0,1,0,1,0,0
outcast,0,1,0,0,1,1,0,1,0,0
outcry,0,1,1,0,0,1,0,0,1,0
outdo,0,0,0,1,0,0,0,0,0,0
outrage,0,1,1,0,1,0,0,0,0,0
outrageous,0,1,1,0,1,0,0,0,0,0
outstanding,1,0,0,0,0,0,1,0,0,0
ovation,1,0,0,0,0,0,1,0,1,0
overbear,0,1,1,0,0,0,0,0,0,0
overbearing,0,1,1,0,0,0,0,0,0,0
overdue,0,0,0,1,0,0,0,0,0,0
overjoy,1,0,0,0,0,0,1,0,0,0
overjoyed,1,0,0,0,0,0,1,0,0,0
overload,0,1,0,0,0,0,0,1,0,0
overthrow,0,1,0,1,0,1,0,0,0,0
overwhelm,0,1,0,0,0,0,0,1,0,0
owe,0,1,0,0,0,0,0,1,0,0
pain,0,1,0,0,0,1,0,1,0,0
pained,0,1,0,0,0,1,0,1,0,0
painful,0,1,1,0,1,1,0,1,0,0
painfully,0,1,0,0,0,0,0,1,0,0
palsy,0,1,0,0,1,1,0,1,0,0
pang,0,0,0,0,0,0,0,0,1,0
panic,0,1,0,0,0,1,0,0,0,0
paragon,1,0,0,1,0,0,1,0,0,1
paralysis,0,1,0,0,0,1,0,1,0,0
paralyze,0,1,0,0,0,1,0,1,0,0
paralyzed,0,1,0,0,0,1,0,1,0,0
paranoia,0,1,0,0,0,1,0,0,0,0
parasite,0,1,0,0,1,1,0,0,0,0
parole,0,0,0,1,0,0,0,0,0,0
parrot,0,1,0,0,1,0,0,0,0,0
parting,0,1,0,0,0,0,0,1,0,0
passion,1,0,0,1,0,0,1,0,0,0
passionate,1,0,0,1,0,0,1,0,0,0
pathetic,0,1,0,0,1,0,0,1,0,0
patience,1,0,0,1,0,0,0,0,0,1
patient,0,0,0,1,0,0,0,0,0,0
patrol,1,0,0,0,0,0,0,0,0,1
patron,1,0,0,0,0,0,0,0,0,1
patronage,1,0,0,0,0,0,0,0,0,1
pauper,0,1,0,0,0,0,0,1,0,0
peace,1,0,0,1,0,0,1,0,0,1
peaceful,1,0,0,1,0,0,1,0,0,1
penal,0,1,0,0,0,1,0,1,0,0
penalty,0,1,1,0,0,1,0,1,0,0
penance,0,1,0,0,0,1,0,1,0,0
penetration,0,1,1,0,0,1,0,0,0,0
penitentiary,0,1,1,0,0,0,0,0,0,0
pensive,0,1,0,0,0,0,0,1,0,0
perchance,0,0,0,0,0,0,0,0,1,0
perdition,0,1,1,0,1,1,0,1,0,0
perfect,1,0,0,1,0,0,1,0,0,1
perfection,1,0,0,1,0,0,1,0,1,1
peri,0,0,0,0,0,0,0,0,1,0
peril,0,1,0,1,0,1,0,1,0,0
perilous,0,1,0,1,0,1,0,1,0,0
perish,0,1,0,0,0,1,0,1,0,0
perjury,0,1,0,0,0,1,0,0,1,0
pernicious,0,1,1,0,0,1,0,1,0,0
perpetrator,0,1,1,0,1,1,0,1,0,0
perpetuate,0,0,0,1,0,0,0,0,0,0
perplexity,0,1,0,0,0,0,0,1,0,0
persecute,0,1,1,0,0,1,0,0,0,0
persecution,0,1,1,0,1,1,0,1,0,0
perturbation,0,1,0,0,0,1,0,0,0,0
perverse,0,1,1,0,1,1,0,0,0,0
perversion,0,1,1,0,1,0,0,1,0,0
pervert,0,1,1,0,1,0,0,0,0,0
perverted,0,1,0,0,1,0,0,0,0,0
pessimism,0,1,1,0,0,1,0,1,0,0
pessimist,0,1,0,0,0,1,0,1,0,0
pest,0,1,1,0,1,1,0,0,0,0
pestilence,0,1,0,0,1,1,0,0,0,0
phantom,0,1,0,0,0,1,0,0,0,0
philanthropic,1,0,0,0,0,0,0,0,0,1
philanthropist,1,0,0,0,0,0,0,0,0,1
phlegm,0,1,0,0,1,0,0,0,0,0
phony,0,1,1,0,1,0,0,0,0,0
picnic,1,0,0,1,0,0,1,0,1,0
pig,0,1,0,0,1,0,0,0,0,0
piles,0,1,0,0,1,0,0,0,0,0
pillage,0,1,1,0,1,1,0,0,0,0
pine,0,1,0,0,0,0,0,1,0,0
pinion,0,1,0,0,0,1,0,0,0,0
pious,1,0,0,0,0,0,0,0,0,1
pique,0,1,1,0,0,0,0,0,0,0
pirate,0,1,0,0,1,0,0,0,0,0
pitfall,0,1,1,0,1,1,0,1,0,0
pity,0,1,0,0,0,0,0,1,0,0
pivot,1,0,0,0,0,0,0,0,0,1
plagiarism,0,1,0,0,1,0,0,0,0,0
plague,0,1,0,0,1,1,0,1,0,0
plaintive,0,1,0,0,0,0,0,1,0,0
plan,0,0,0,1,0,0,0,0,0,0
planning,0,0,0,1,0,0,0,0,0,0
playful,1,0,0,0,0,0,1,0,1,0
plea,0,1,0,1,0,1,0,1,0,0
pleasant,1,0,0,1,0,0,1,0,1,0
please,1,0,0,0,0,0,1,0,0,0
pleased,1,0,0,0,0,0,1,0,0,0
pleasurable,1,0,0,0,0,0,1,0,0,0
pledge,1,0,0,0,0,0,0,0,0,1
plight,0,1,0,1,1,1,0,1,0,0
plummet,0,1,0,0,0,1,0,0,0,0
plump,0,0,0,1,0,0,0,0,0,0
plunder,0,1,1,0,1,1,0,1,0,0
plunge,0,1,0,0,0,1,0,0,0,0
poach,0,1,1,0,1,1,0,1,0,0
poison,0,1,1,0,1,1,0,1,0,0
poisoning,0,1,0,0,1,0,0,0,0,0
poisonous,0,1,1,0,1,1,0,1,0,0
polemic,0,1,1,0,1,0,0,0,0,0
policy,1,0,0,0,0,0,0,0,0,1
pollute,0,1,0,0,1,0,0,0,0,0
pollution,0,1,0,0,1,0,0,0,0,0
pompous,0,1,0,0,1,0,0,0,0,0
posse,0,1,0,0,0,1,0,0,0,0
possessed,0,1,1,0,1,1,0,0,0,0
possibility,0,0,0,1,0,0,0,0,0,0
posthumous,0,1,0,0,0,0,0,1,0,0
pound,0,1,1,0,0,0,0,0,0,0
poverty,0,1,0,0,1,0,0,1,0,0
pow,0,1,1,0,0,0,0,0,0,0
powerful,1,0,0,1,0,0,1,0,0,1
powerless,0,1,0,0,1,1,0,1,0,0
practise,0,0,0,1,0,0,0,0,0,0
praise,1,0,0,0,0,0,1,0,0,1
praiseworthy,1,0,0,1,0,0,0,0,0,1
prank,0,0,0,0,0,0,0,0,1,0
pray,1,0,0,0,0,0,0,0,0,1
precarious,0,1,0,0,0,1,0,1,0,0
precedence,0,0,0,1,0,0,0,0,0,0
precious,1,0,0,1,0,0,1,0,1,0
predicament,0,1,0,0,0,1,0,0,0,0
predict,0,0,0,1,0,0,0,0,0,0
prediction,0,0,0,1,0,0,0,0,0,0
predilection,0,0,0,1,0,0,0,0,0,0
predispose,0,0,0,1,0,0,0,0,0,0
prefer,0,0,0,1,0,0,0,0,0,0
prejudice,0,1,1,0,0,0,0,0,0,0
prejudiced,0,1,0,0,1,1,0,0,0,0
prejudicial,0,1,1,0,0,0,0,0,0,0
preliminary,0,0,0,1,0,0,0,0,0,0
premeditate,0,0,0,1,0,0,0,0,0,0
premeditated,0,0,0,1,0,0,0,0,0,0
preparation,0,0,0,1,0,0,0,0,0,0
preparatory,0,0,0,1,0,0,0,0,0,0
prepare,0,0,0,1,0,0,0,0,0,0
prepared,0,0,0,1,0,0,0,0,0,0
preparedness,0,0,0,1,0,0,0,0,0,0
prerequisite,0,0,0,1,0,0,0,0,0,0
prescient,0,0,0,1,0,0,0,0,0,0
preservative,0,0,0,1,0,0,0,0,0,0
prestige,1,0,0,0,0,0,1,0,0,1
presumptuous,0,1,1,0,1,0,0,0,0,0
pretend,0,1,0,0,1,0,0,0,0,0
pretending,0,1,0,0,1,0,0,0,0,0
pretty,1,0,0,1,0,0,1,0,0,1
prevention,0,0,0,1,0,0,0,0,0,0
prey,0,1,0,0,0,1,0,0,0,0
prick,0,1,1,0,1,1,0,0,1,0
pride,1,0,0,0,0,0,1,0,0,0
prison,0,1,1,0,0,1,0,1,0,0
prisoner,0,1,1,0,1,1,0,1,0,0
privilege,1,0,0,0,0,0,1,0,0,0
privileged,1,0,0,0,0,0,1,0,0,0
probability,0,0,0,1,0,0,0,0,0,0
probation,0,1,0,1,0,1,0,0,0,0
probity,1,0,0,0,0,0,0,0,0,1
problem,0,1,0,0,0,0,0,1,0,0
proceed,0,0,0,1,0,0,0,0,0,0
proceeding,0,0,0,1,0,0,0,0,0,0
production,0,0,0,1,0,0,0,0,0,0
profane,0,1,1,0,0,0,0,0,0,0
profanity,0,1,1,0,0,0,0,0,0,0
professional,1,0,0,0,0,0,0,0,0,1
proficiency,1,0,0,0,0,0,0,0,0,1
proficient,1,0,0,0,0,0,0,0,0,1
prognosis,0,0,0,1,0,0,0,0,0,0
prognostic,0,0,0,1,0,0,0,0,0,0
progress,1,0,0,1,0,0,1,0,0,0
progression,1,0,0,1,0,0,1,0,0,0
prohibit,0,1,1,0,1,1,0,0,0,0
prohibited,0,1,1,0,1,1,0,0,0,0
prologue,0,0,0,1,0,0,0,0,0,0
prolong,0,0,0,1,0,0,0,0,0,0
promise,1,0,0,0,0,0,0,0,0,1
proof,1,0,0,0,0,0,0,0,0,1
prophecy,0,0,0,1,0,0,0,0,0,0
prophet,0,0,0,1,0,0,0,0,0,0
prophetic,0,0,0,1,0,0,0,0,0,0
prosecute,0,1,1,0,0,1,0,1,0,0
prosper,1,0,0,1,0,0,1,0,0,0
prosperous,1,0,0,0,0,0,1,0,0,0
prostitute,0,1,0,0,1,0,0,0,0,0
prostitution,0,1,0,0,1,0,0,1,0,0
protect,1,0,0,0,0,0,0,0,0,1
protected,1,0,0,0,0,0,0,0,0,1
protecting,1,0,0,0,0,0,0,0,0,1
protector,1,0,0,0,0,0,0,0,0,1
proud,1,0,0,1,0,0,1,0,0,1
prove,1,0,0,0,0,0,0,0,0,1
proven,1,0,0,0,0,0,0,0,0,1
provide,1,0,0,1,0,0,0,0,0,1
provocation,0,1,1,0,0,0,0,0,0,0
provoking,0,1,1,0,1,0,0,0,0,0
prowl,0,1,0,0,0,1,0,0,1,0
proxy,1,0,0,0,0,0,0,0,0,1
prudent,1,0,0,0,0,0,0,0,0,1
pry,0,0,0,1,0,0,0,0,0,0
psychosis,0,1,1,0,0,1,0,1,0,0
puke,0,1,0,0,1,0,0,0,0,0
punch,0,1,1,0,0,1,0,1,1,0
punctual,1,0,0,1,0,0,0,0,0,1
pungent,0,1,0,0,1,0,0,0,0,0
punish,0,1,0,0,0,1,0,0,0,0
punished,0,1,1,1,1,1,0,0,0,0
punishing,0,1,1,0,0,1,0,1,0,0
punishment,0,1,1,0,1,1,0,0,0,0
punitive,0,1,1,0,0,1,0,1,0,0
purgatory,0,1,0,0,1,1,0,0,0,0
purge,0,1,0,0,0,1,0,0,0,0
purification,0,0,0,1,0,0,0,0,0,0
purify,0,0,0,1,0,0,0,0,0,0
quack,0,1,0,0,1,0,0,0,0,0
quail,0,1,0,0,0,1,0,0,0,0
quaint,1,0,0,0,0,0,1,0,0,0
quake,0,1,0,0,0,1,0,0,0,0
qualified,1,0,0,0,0,0,0,0,0,1
qualify,1,0,0,0,0,0,0,0,0,1
quandary,0,1,1,0,0,1,0,0,0,0
quarantine,0,1,0,0,0,1,0,0,0,0
quarrel,0,1,1,0,0,0,0,0,0,0
quash,0,1,1,0,0,0,0,0,0,0
quest,0,0,0,1,0,0,0,0,0,0
quicken,0,0,0,1,0,0,0,0,0,0
quicksilver,0,0,0,0,0,0,0,0,1,0
quiver,0,1,0,0,0,1,0,0,0,0
quivering,0,1,0,0,0,1,0,0,0,0
rabble,0,1,1,0,0,1,0,0,0,0
rabid,0,1,1,1,1,1,0,0,0,0
raffle,0,0,0,1,0,0,0,0,1,0
rag,0,1,0,0,1,0,0,0,0,0
rage,0,1,1,0,0,0,0,0,0,0
raging,0,1,1,0,1,1,0,0,0,0
raid,0,1,1,0,0,1,0,0,1,0
rail,0,1,1,1,0,0,0,0,0,0
ram,0,1,1,1,0,0,0,0,0,0
rampage,0,1,1,0,0,1,0,0,0,0
rancid,0,1,0,0,1,0,0,0,0,0
randomly,0,0,0,0,0,0,0,0,1,0
ransom,0,1,1,0,0,1,0,0,0,0
rap,0,1,1,0,0,0,0,0,0,0
rape,0,1,1,0,1,1,0,1,0,0
rapid,0,0,0,0,0,0,0,0,1,0
rapt,1,0,0,0,0,0,1,0,1,1
raptor,0,1,0,0,0,1,0,0,0,0
rapture,1,0,0,1,0,0,1,0,0,0
rascal,0,1,1,0,1,1,0,0,0,0
rash,0,1,0,0,1,0,0,0,0,0
rat,0,1,0,0,1,0,0,0,0,0
ratify,1,0,0,0,0,0,0,0,0,1
rational,1,0,0,0,0,0,0,0,0,1
rave,1,0,0,0,0,0,1,0,1,0
ravenous,0,1,1,0,0,1,0,1,0,0
raving,0,1,1,0,0,0,0,0,0,0
readiness,0,0,0,1,0,0,0,0,0,0
ready,0,0,0,1,0,0,0,0,0,0
reappear,0,0,0,0,0,0,0,0,1,0
reassurance,1,0,0,0,0,0,0,0,0,1
reassure,1,0,0,0,0,0,0,0,0,1
rebel,0,1,1,0,0,1,0,0,0,0
rebellion,0,1,1,0,1,1,0,0,0,0
recalcitrant,0,1,1,0,1,0,0,0,0,0
receive,0,0,0,1,0,0,0,0,0,0
recession,0,1,1,0,1,1,0,1,0,0
recidivism,0,1,1,0,1,0,0,1,0,0
recipient,0,0,0,1,0,0,0,0,0,0
reckless,0,1,0,0,1,0,0,0,0,0
recklessness,0,1,0,0,1,0,0,0,0,0
recognizable,0,0,0,1,0,0,0,0,0,0
reconciliation,1,0,0,1,0,0,1,0,0,1
reconstruct,0,0,0,1,0,0,0,0,0,0
recreation,1,0,0,0,0,0,1,0,0,0
recreational,1,0,0,0,0,0,1,0,0,0
recurrent,0,0,0,1,0,0,0,0,0,0
reflex,0,0,0,0,0,0,0,0,1,0
refugee,0,1,0,0,0,0,0,1,0,0
refuse,0,1,0,0,0,0,0,1,0,0
refutation,0,1,0,0,0,1,0,0,0,0
regal,1,0,0,0,0,0,0,0,0,1
regent,1,0,0,0,0,0,0,0,0,1
regiment,0,1,0,0,0,1,0,0,0,0
regret,0,1,0,0,0,0,0,1,0,0
regrettable,0,1,0,0,0,0,0,1,0,0
rehabilitation,0,0,0,1,0,0,0,0,0,0
reinforcement,1,0,0,0,0,0,0,0,0,1
reject,0,1,1,0,0,1,0,1,0,0
rejection,0,1,1,0,1,1,0,1,0,0
rejoice,1,0,0,1,0,0,1,0,1,0
rejoicing,1,0,0,1,0,0,1,0,1,0
relapse,0,1,0,0,0,1,0,1,0,0
relative,1,0,0,0,0,0,0,0,0,1
reliability,1,0,0,0,0,0,0,0,0,1
reliable,1,0,0,0,0,0,0,0,0,1
reliance,1,0,0,0,0,0,0,0,0,1
reluctant,0,1,0,0,0,1,0,0,0,0
remand,0,1,1,0,0,0,0,0,0,0
remarkable,0,0,0,0,0,0,0,0,1,0
remedy,1,0,0,1,0,0,0,0,0,1
remiss,0,1,1,0,1,0,0,1,0,0
remorse,0,1,0,0,0,0,0,1,0,0
renegade,0,1,1,0,0,0,0,0,0,0
renounce,0,1,1,0,0,0,0,0,0,0
renovate,0,0,0,1,0,0,0,0,0,0
renovation,0,0,0,1,0,0,0,0,0,0
repay,0,0,0,1,0,0,0,0,0,0
repel,0,1,0,0,0,0,0,1,0,0
repellant,0,1,0,0,1,1,0,0,0,0
repellent,0,1,1,0,1,1,0,0,0,0
repelling,0,1,0,0,1,0,0,0,0,0
repent,0,1,0,0,0,0,0,1,0,0
represent,0,0,0,1,0,0,0,0,0,0
repress,0,1,0,0,0,0,0,1,0,0
repression,0,1,0,0,0,1,0,0,0,0
reprimand,0,1,1,0,0,0,0,0,0,0
reprisal,0,1,1,0,0,1,0,1,0,0
reproach,0,1,1,0,1,0,0,1,0,0
reproductive,1,0,0,0,0,0,1,0,0,0
repudiation,0,1,1,0,1,0,0,0,0,0
repulsion,0,1,0,0,1,1,0,0,0,0
reputable,1,0,0,0,0,0,0,0,0,1
requiem,0,1,0,0,0,0,0,1,0,0
rescue,1,0,0,1,0,0,1,0,1,1
resection,0,1,0,0,0,1,0,0,0,0
resent,0,1,1,0,0,0,0,0,0,0
resentful,0,1,1,0,0,0,0,0,0,0
resentment,0,1,1,0,1,0,0,1,0,0
resign,0,1,0,0,0,0,0,1,0,0
resignation,0,1,0,0,0,0,0,1,0,0
resistance,0,1,1,0,0,0,0,0,0,0
resisting,0,1,1,0,0,1,0,1,0,0
respect,1,0,0,1,0,0,1,0,0,1
respectable,1,0,0,0,0,0,0,0,0,1
respectful,1,0,0,0,0,0,0,0,0,1
respects,1,0,0,0,0,0,0,0,0,1
respite,1,0,0,0,0,0,1,0,0,0
resplendent,1,0,0,0,0,0,1,0,0,0
responsible,1,0,0,0,0,0,0,0,0,1
responsive,0,0,0,1,0,0,0,0,0,0
restlessness,0,0,0,1,0,0,0,0,0,0
restorative,1,0,0,1,0,0,1,0,0,1
restrain,0,1,1,0,0,1,0,0,0,0
restrict,0,1,0,0,0,0,0,1,0,0
restriction,0,1,1,0,0,1,0,1,0,0
retain,1,0,0,0,0,0,0,0,0,1
retaliate,0,1,1,0,0,0,0,0,0,0
retaliation,0,1,1,0,0,1,0,0,0,0
retaliatory,0,1,1,0,0,0,0,0,0,0
retard,0,1,0,0,1,0,0,1,0,0
reticent,0,1,0,0,0,1,0,0,0,0
retirement,0,0,0,1,0,0,0,0,0,0
retract,0,1,1,0,0,0,0,0,0,0
retribution,0,1,1,0,0,1,0,1,0,0
reunion,1,0,0,1,0,0,0,0,0,1
revel,1,0,0,0,0,0,1,0,0,0
revels,1,0,0,0,0,0,1,0,0,0
revenge,0,1,1,1,0,1,0,0,0,0
revere,1,0,0,1,0,0,1,0,0,1
reverence,1,1,0,0,0,1,0,0,0,1
reverend,1,0,0,0,0,0,0,0,0,1
revival,1,0,0,1,0,0,1,0,0,0
revive,0,0,0,1,0,0,0,0,0,0
revoke,0,1,1,0,1,1,0,1,0,0
revolt,0,1,1,0,0,0,0,0,1,0
revolting,0,1,1,0,1,1,0,0,0,0
revolution,0,1,1,1,0,0,0,0,1,0
revulsion,0,1,1,0,1,1,0,0,0,0
reward,1,0,0,1,0,0,1,0,1,1
ridicule,0,1,1,0,1,0,0,1,0,0
ridiculous,0,1,1,0,1,0,0,0,0,0
rifle,0,1,1,0,0,1,0,0,0,0
rigor,0,1,0,0,1,1,0,0,0,0
riot,0,1,1,0,0,1,0,0,0,0
riotous,0,1,1,0,0,1,0,0,1,0
ripen,0,0,0,1,0,0,0,0,0,0
rising,1,0,0,1,0,0,1,0,0,0
risk,0,1,0,1,0,1,0,0,0,0
risky,0,1,0,1,0,1,0,0,0,0
rivalry,0,1,1,0,0,0,0,0,0,0
rob,0,1,1,0,1,1,0,1,0,0
robber,0,1,0,0,1,1,0,0,0,0
robbery,0,1,1,0,1,1,0,1,0,0
rogue,0,1,0,0,1,0,0,0,0,0
rollicking,1,0,0,0,0,0,1,0,0,0
romance,1,0,0,1,0,0,0,0,1,1
romantic,1,0,0,1,0,0,1,0,0,1
romanticism,1,0,0,0,0,0,1,0,0,0
romp,1,0,0,0,0,0,1,0,0,0
rook,0,1,1,0,1,0,0,0,0,0
rot,0,1,0,0,1,1,0,1,0,0
rotting,0,1,0,0,1,0,0,0,0,0
routine,0,0,0,1,0,0,0,0,0,0
rubbish,0,1,0,0,1,0,0,0,0,0
rue,0,1,0,0,0,0,0,1,0,0
ruin,0,1,0,0,0,1,0,1,0,0
ruined,0,1,1,0,1,1,0,1,0,0
ruinous,0,1,1,0,1,1,0,1,0,0
rumor,0,1,0,0,0,0,0,1,0,0
runaway,1,1,0,0,0,0,1,1,0,0
rupture,0,1,0,0,0,1,0,1,1,0
ruthless,0,1,1,0,1,1,0,0,0,0
saber,0,1,1,0,0,1,0,0,0,0
sabotage,0,1,1,0,1,1,0,1,0,0
sacrifice,0,1,0,0,1,1,0,1,0,0
sadly,0,1,0,0,0,0,0,1,0,0
sadness,0,1,0,0,0,0,0,1,0,0
safe,1,0,0,0,0,0,1,0,0,1
safeguard,1,0,0,0,0,0,0,0,0,1
safekeeping,1,0,0,0,0,0,0,0,0,1
sage,1,0,0,0,0,0,0,0,0,1
sally,0,0,0,0,0,0,0,0,1,0
salutary,1,0,0,0,0,0,1,0,0,0
salute,1,0,0,0,0,0,1,0,0,0
salvation,1,0,0,1,0,0,1,0,0,1
samurai,0,1,0,0,0,1,0,0,0,0
sanctification,1,0,0,0,0,0,1,0,0,1
sanctify,1,0,0,0,0,0,1,0,0,1
sap,0,1,0,0,0,0,0,1,0,0
sappy,0,1,0,0,1,0,0,0,0,0
sarcasm,0,1,1,0,1,0,0,1,0,0
satanic,0,1,1,0,0,0,0,0,0,0
satisfied,1,0,0,0,0,0,1,0,0,0
satisfy,1,0,0,0,0,0,1,0,0,0
savage,0,1,1,0,0,1,0,0,0,0
savagery,0,1,1,0,0,1,0,0,0,0
savor,1,0,0,1,0,0,1,0,0,0
scandal,0,1,0,0,1,0,0,0,0,0
scandalous,0,1,1,0,0,0,0,0,0,0
scapegoat,0,1,1,0,0,1,0,0,0,0
scar,0,1,1,0,1,1,0,1,0,0
scare,0,1,1,1,0,1,0,0,1,0
sceptical,0,1,0,0,1,0,0,0,0,0
schism,0,1,1,0,0,0,0,0,0,0
schizophrenia,0,1,1,0,1,1,0,1,0,0
scoff,0,1,1,0,1,0,0,0,0,0
scold,0,1,1,0,1,1,0,1,0,0
scolding,0,1,1,0,0,0,0,0,0,0
scorn,0,1,1,0,0,0,0,0,0,0
scoundrel,1,1,1,0,1,1,0,0,0,1
scourge,0,1,1,0,0,1,0,1,0,0
scream,0,1,1,0,1,1,0,0,1,0
screaming,0,1,1,0,1,1,0,0,0,0
screech,0,1,0,0,0,1,0,0,1,0
screw,1,0,0,0,0,0,1,0,0,0
scrutinize,0,0,0,1,0,0,0,0,0,0
scum,0,1,0,0,1,0,0,0,0,0
seclude,0,1,0,0,0,0,0,1,0,0
secrecy,1,0,0,0,0,0,0,0,0,1
secrete,0,1,0,0,1,0,0,0,0,0
secretion,0,1,0,0,1,0,0,0,0,0
security,1,0,0,0,0,0,0,0,0,1
sedition,0,1,1,0,0,0,0,1,0,0
seductive,0,0,0,1,0,0,0,0,0,0
seek,0,0,0,1,0,0,0,0,0,0
segregate,0,1,1,0,1,0,0,1,0,0
seize,0,1,0,0,0,1,0,0,0,0
seizure,0,1,0,0,0,1,0,0,0,0
selfish,0,1,1,0,1,0,0,0,0,0
seniority,1,0,0,0,0,0,0,0,0,1
sensational,1,0,0,0,0,0,1,0,0,0
sensual,1,0,0,1,0,0,1,0,0,0
sensuality,1,0,0,1,0,0,1,0,0,0
sensuous,1,0,0,0,0,0,1,0,0,0
sentence,0,1,1,1,1,1,0,0,0,0
sepsis,0,1,0,0,0,1,0,1,0,0
septic,0,1,0,0,1,0,0,0,0,0
sequestration,0,1,0,0,0,0,0,1,0,0
serene,1,0,0,0,0,0,0,0,0,1
serenity,1,0,0,1,0,0,1,0,0,1
serial,0,0,0,1,0,0,0,0,0,0
seriousness,0,1,0,0,0,1,0,1,0,0
servile,0,1,0,0,1,1,0,1,0,0
setback,0,1,0,0,0,0,0,1,0,0
severance,0,1,0,0,0,0,0,1,0,0
sewage,0,1,0,0,1,0,0,0,0,0
sewer,0,1,0,0,1,0,0,0,0,0
sewerage,0,1,0,0,1,0,0,0,0,0
sex,1,0,0,1,0,0,1,0,0,1
shabby,0,1,0,0,1,0,0,0,0,0
shackle,0,1,1,1,1,1,0,0,0,0
shady,0,1,0,0,0,1,0,0,0,0
shaky,0,1,0,0,0,1,0,0,0,0
sham,0,1,1,0,1,0,0,0,0,0
shame,0,1,0,0,1,1,0,1,0,0
shameful,0,1,0,0,0,0,0,1,0,0
shameless,0,1,0,0,1,0,0,0,0,0
shanghai,0,1,0,0,1,1,0,0,0,0
shattered,0,1,0,0,0,0,0,1,0,0
shell,0,1,1,0,0,1,0,1,1,0
shelter,1,0,0,0,0,0,0,0,0,1
shepherd,1,0,0,0,0,0,0,0,0,1
shining,1,0,0,1,0,0,1,0,0,0
shipwreck,0,1,0,0,0,1,0,1,0,0
shit,0,1,1,0,1,0,0,0,0,0
shiver,0,1,0,0,0,1,0,0,0,0
shock,0,1,1,0,0,1,0,0,1,0
shockingly,0,0,0,0,0,0,0,0,1,0
shoddy,0,1,0,0,1,0,0,0,0,0
shoot,0,1,1,0,0,1,0,1,0,0
shooting,0,1,1,0,0,1,0,0,0,0
shoplift,0,1,1,0,1,0,0,0,0,0
shoplifting,0,1,1,0,1,0,0,0,0,0
shortage,0,1,1,0,0,1,0,1,0,0
shortly,0,0,0,1,0,0,0,0,0,0
shot,0,1,1,0,0,1,0,1,1,0
shout,0,1,1,0,0,0,0,0,1,0
shove,0,1,1,0,0,0,0,0,0,0
shriek,0,1,1,0,0,1,0,1,1,0
shrill,0,1,1,0,0,1,0,0,1,0
shroud,0,1,0,0,0,0,0,1,0,0
shudder,0,1,0,0,0,1,0,0,0,0
shun,0,1,1,0,1,0,0,1,0,0
sick,0,1,0,0,1,0,0,1,0,0
sicken,0,1,1,0,1,1,0,1,0,0
sickening,0,1,1,0,1,1,0,1,0,0
sickly,0,1,0,0,1,0,0,1,0,0
sickness,0,1,0,0,1,1,0,1,0,0
signify,0,0,0,1,0,0,0,0,0,0
silly,0,1,0,0,1,0,0,0,0,0
sin,0,1,1,0,1,1,0,1,0,0
sincere,1,0,0,0,0,0,0,0,0,1
sinful,0,1,1,0,1,1,0,1,0,0
sinister,0,1,1,0,1,1,0,0,0,0
sink,0,1,0,0,1,1,0,1,0,0
sinner,0,1,1,0,1,1,0,1,0,0
sinning,0,1,0,0,1,0,0,0,0,0
siren,0,1,0,0,0,1,0,0,0,0
sisterhood,1,0,0,0,0,0,0,0,0,1
skillful,1,0,0,0,0,0,0,0,0,1
skirmish,0,1,1,0,0,0,0,0,0,0
slam,0,1,1,0,0,1,0,0,1,0
slander,0,1,1,0,1,0,0,0,0,0
slap,0,1,1,0,0,0,0,0,1,0
slash,0,1,1,0,0,0,0,0,0,0
slaughter,0,1,0,0,1,1,0,1,0,0
slave,0,1,1,0,0,1,0,1,0,0
slavery,0,1,1,0,1,1,0,1,0,0
slay,0,1,1,0,0,0,0,0,0,0
slayer,0,1,1,0,1,1,0,1,0,0
slime,0,1,0,0,1,0,0,0,0,0
slimy,0,1,0,0,1,0,0,0,0,0
slip,0,1,0,0,1,0,0,0,0,0
slop,0,1,0,0,1,0,0,0,0,0
sloppy,0,1,0,0,1,0,0,0,0,0
sloth,0,1,0,0,1,0,0,0,0,0
sludge,0,1,0,0,1,0,0,0,0,0
slug,0,1,1,0,0,0,0,0,0,0
slum,0,1,0,0,1,0,0,0,0,0
slump,0,1,0,0,0,0,0,1,0,0
slut,0,1,1,0,1,0,0,0,0,0
sly,0,1,1,0,1,1,0,0,0,0
smack,0,1,1,0,0,0,0,0,0,0
smash,0,1,1,0,0,1,0,0,0,0
smile,1,0,0,0,0,0,1,0,1,1
smiling,1,0,0,0,0,0,1,0,0,0
smite,0,1,1,0,0,1,0,1,0,0
smuggler,0,1,1,0,1,1,0,0,0,0
smut,0,1,0,0,1,1,0,0,0,0
snag,0,0,0,0,0,0,0,0,1,0
snare,0,1,0,0,0,1,0,0,0,0
snarl,0,1,1,0,1,0,0,0,0,0
sneaking,0,1,0,0,0,1,0,0,0,0
sneer,0,1,1,0,1,0,0,0,0,0
snort,0,1,0,0,1,0,0,1,0,0
sob,0,1,0,0,0,0,0,1,0,0
soil,0,1,0,0,1,0,0,0,0,0
soiled,0,1,0,0,1,0,0,0,0,0
solidarity,1,0,0,0,0,0,0,0,0,1
somber,0,1,0,0,0,0,0,1,0,0
soothe,1,0,0,0,0,0,1,0,0,1
soothing,1,0,0,0,0,0,1,0,0,1
sorcery,0,1,0,1,0,1,0,0,1,0
sordid,0,1,1,0,1,1,0,1,0,0
sore,0,1,0,0,0,0,0,1,0,0
sorely,0,1,0,0,0,0,0,1,0,0
soreness,0,1,0,0,0,0,0,1,0,0
sorrow,0,1,0,0,0,1,0,1,0,0
sorrowful,0,1,0,0,0,0,0,1,0,0
sortie,0,1,0,0,0,1,0,0,0,0
soulless,0,1,0,0,1,1,0,1,0,0
sour,0,1,0,0,1,0,0,0,0,0
spank,0,1,1,0,0,1,0,1,0,0
spanking,0,1,1,0,0,0,0,0,0,0
spasm,0,1,0,0,0,0,0,1,0,0
spat,0,1,1,0,0,0,0,0,0,0
spear,0,1,1,1,0,1,0,0,0,0
special,1,0,0,0,0,0,1,0,0,0
specialist,1,0,0,0,0,0,0,0,0,1
specialize,1,0,0,0,0,0,0,0,0,1
spectacular,0,0,0,1,0,0,0,0,1,0
specter,0,1,0,0,0,1,0,1,0,0
speculative,0,1,0,0,0,1,0,0,0,0
spew,0,1,0,0,1,0,0,0,0,0
spike,0,1,0,0,0,1,0,0,0,0
spirit,1,0,0,1,0,0,1,0,1,0
spit,0,1,0,0,1,0,0,0,0,0
spite,0,1,1,0,0,0,0,0,0,0
spiteful,0,1,1,0,0,0,0,0,0,0
splendid,1,0,0,0,0,0,1,0,1,0
splendor,1,0,0,1,0,0,1,0,1,0
splitting,0,1,0,0,0,0,0,1,0,0
spoil,0,1,0,0,1,0,0,0,0,0
spoiler,0,1,0,0,0,0,0,1,0,0
sponsor,1,0,0,0,0,0,0,0,0,1
spook,0,1,0,0,0,1,0,0,0,0
sprain,0,1,0,0,0,0,0,1,0,0
sprite,0,1,0,0,0,1,0,0,0,0
spur,0,1,0,0,1,0,0,0,0,0
spurious,0,1,0,0,1,0,0,0,0,0
squall,0,1,0,0,0,1,0,1,0,0
squeamish,0,1,0,0,1,1,0,0,0,0
squelch,0,1,1,0,1,0,0,0,0,0
squirm,0,1,0,0,1,0,0,0,0,0
stab,0,1,1,0,0,1,0,1,1,0
stable,1,0,0,0,0,0,0,0,0,1
stagnant,0,1,0,0,0,0,0,1,0,0
stain,0,1,0,0,1,0,0,0,0,0
stalemate,0,1,1,0,1,0,0,0,0,0
stall,0,1,0,0,1,0,0,0,0,0
star,1,0,0,1,0,0,1,0,0,1
starry,1,0,0,1,0,0,1,0,0,0
start,0,0,0,1,0,0,0,0,0,0
startle,0,1,0,0,0,1,0,0,1,0
startling,0,0,0,0,0,0,0,0,1,0
starvation,0,1,0,0,0,1,0,1,0,0
steadfast,1,0,0,0,0,0,0,0,0,1
steady,1,0,0,0,0,0,0,0,1,1
steal,0,1,1,0,0,1,0,1,0,0
stealing,0,1,0,0,1,1,0,0,0,0
stealth,0,1,0,0,0,1,0,0,1,0
stealthily,0,1,0,0,0,1,0,0,1,0
stealthy,0,1,0,1,0,1,0,0,1,0
sterile,0,1,0,0,0,0,0,1,0,0
sterling,1,0,0,0,0,0,1,0,0,1
sticky,0,1,0,0,1,0,0,0,0,0
stifle,0,1,0,0,0,1,0,0,0,0
stifled,0,1,1,0,0,1,0,1,0,0
stillborn,0,1,0,0,0,0,0,1,0,0
sting,0,1,1,0,0,1,0,0,0,0
stingy,0,1,0,0,1,1,0,1,0,0
stink,0,1,0,0,1,0,0,0,0,0
stinking,0,1,0,0,1,0,0,0,0,0
stint,0,1,0,0,0,1,0,1,0,0
stone,0,1,1,0,0,0,0,0,0,0
stool,0,1,0,0,1,0,0,0,0,0
store,0,0,0,1,0,0,0,0,0,0
storm,0,1,1,0,0,0,0,0,0,0
stormy,0,1,0,0,0,1,0,0,0,0
straightforward,1,0,0,0,0,0,0,0,0,1
strain,0,1,1,0,0,0,0,0,0,0
strained,0,1,1,0,0,0,0,0,0,0
straits,0,1,0,0,0,1,0,0,0,0
stranger,0,1,0,0,0,1,0,0,0,0
strangle,0,1,1,0,1,1,0,1,0,0
strategist,1,0,0,1,0,0,0,0,0,1
strength,1,0,0,0,0,0,0,0,0,1
strengthening,1,0,0,0,0,0,1,0,0,1
stricken,0,1,0,0,0,0,0,1,0,0
strife,0,1,1,0,0,0,0,0,0,0
strike,0,1,1,0,0,0,0,0,0,0
strip,0,1,0,0,0,0,0,1,0,0
strive,0,0,0,1,0,0,0,0,0,0
struggle,0,1,1,0,0,1,0,1,0,0
stun,0,1,0,0,0,1,0,0,1,0
stunned,0,1,0,0,0,1,0,0,1,0
sty,0,1,0,0,1,0,0,0,0,0
subject,0,1,0,0,0,0,0,1,0,0
subjugation,0,1,1,0,1,1,0,1,0,0
submit,0,0,0,1,0,0,0,0,0,0
subsidence,0,1,0,0,0,0,0,1,0,0
subversion,0,1,1,0,0,1,0,0,0,0
subversive,0,1,1,0,0,0,0,0,1,0
subvert,0,1,0,0,1,1,0,1,0,0
succeed,1,0,0,1,0,0,1,0,1,0
success,1,0,0,1,0,0,1,0,0,0
successful,1,0,0,1,0,0,1,0,0,0
sucker,0,1,0,0,1,0,0,0,0,0
sudden,0,0,0,0,0,0,0,0,1,0
suddenly,0,0,0,0,0,0,0,0,1,0
sue,0,1,1,0,0,0,0,1,0,0
suffer,0,1,0,0,1,1,0,1,0,0
sufferer,0,1,0,0,0,1,0,1,0,0
suffering,0,1,0,0,1,1,0,1,0,0
suffocate,0,1,0,0,1,1,0,1,0,0
suffocating,0,1,0,0,1,1,0,1,0,0
suffocation,0,1,1,0,0,1,0,0,0,0
suicidal,0,1,1,0,1,1,0,1,0,0
suicide,0,1,1,0,0,1,0,1,0,0
sullen,0,1,1,0,0,0,0,1,0,0
sunk,0,1,0,0,1,1,0,1,0,0
sunny,1,0,0,1,0,0,1,0,1,0
sunset,0,0,0,1,0,0,0,0,0,0
superman,1,0,0,0,0,0,0,0,0,1
superstar,1,0,0,0,0,0,1,0,0,1
superstition,0,1,0,0,1,0,0,0,0,0
superstitious,0,1,0,0,1,0,0,0,0,0
supplication,1,0,0,0,0,0,0,0,0,1
support,1,0,0,0,0,0,0,0,0,1
supporter,1,0,0,0,0,0,0,0,0,1
supporting,1,0,0,0,0,0,0,0,0,1
suppress,0,1,1,0,0,1,0,1,0,0
suppression,0,1,1,0,1,1,0,0,0,0
supremacy,1,0,0,1,0,0,1,0,0,0
surety,1,0,0,0,0,0,0,0,0,1
surge,0,0,0,0,0,0,0,0,1,0
surly,0,1,1,0,1,0,0,0,0,0
surprise,0,0,0,0,0,0,0,0,1,0
surprised,0,0,0,0,0,0,0,0,1,0
surprising,0,0,0,0,0,0,0,0,1,0
surprisingly,0,0,0,0,0,0,0,0,1,0
surrender,0,1,0,0,0,1,0,1,0,0
surrogate,1,0,0,0,0,0,0,0,0,1
surround,0,0,0,1,0,0,0,0,0,0
suspect,0,1,0,0,0,1,0,0,0,0
suspense,0,1,0,1,0,1,0,0,1,0
suspension,0,1,0,0,0,1,0,0,0,0
suspicion,0,1,0,0,0,1,0,0,0,0
suspicious,0,1,1,0,0,0,0,0,0,0
swamp,0,1,0,0,1,1,0,0,0,0
swastika,0,1,1,0,0,1,0,0,0,0
swear,1,0,0,0,0,0,0,0,0,1
sweet,1,0,0,1,0,0,1,0,1,0
sweetheart,1,0,0,1,0,0,1,0,1,0
swelling,0,1,0,0,0,1,0,0,0,0
swerve,0,1,0,0,0,1,0,0,1,0
swig,0,1,1,0,1,0,0,0,0,0
sympathize,0,1,0,0,0,0,0,1,0,0
sympathy,0,1,0,0,0,0,0,1,0,0
synchronize,0,0,0,1,0,0,0,0,0,0
syncope,0,1,0,0,0,1,0,1,1,0
taboo,0,1,0,0,1,1,0,0,0,0
tabulate,0,0,0,1,0,0,0,0,0,0
tackle,0,1,1,0,0,0,0,0,1,0
taint,0,1,0,0,0,0,0,1,0,0
tantalize,0,1,0,0,1,0,0,0,0,0
tantalizing,1,0,0,1,0,0,1,0,0,0
tarnish,0,1,0,0,1,0,0,1,0,0
taunt,0,1,1,0,0,1,0,1,0,0
tearful,0,1,0,0,0,0,0,1,0,0
tease,0,1,1,0,0,0,0,1,0,0
teasing,0,1,1,0,0,0,0,1,0,0
tempest,0,1,1,0,0,1,0,1,0,0
tenderness,1,0,0,0,0,0,1,0,0,0
tension,0,1,1,0,0,0,0,0,0,0
terrible,0,1,1,0,1,1,0,1,0,0
terror,0,1,0,0,0,1,0,0,0,0
terrorism,0,1,1,0,1,1,0,1,0,0
terrorist,0,1,1,0,1,1,0,1,0,0
terrorize,0,1,1,0,0,1,0,1,0,0
testament,1,0,0,1,0,0,0,0,0,1
testimony,1,0,0,0,0,0,0,0,0,1
thankful,1,0,0,0,0,0,1,0,0,0
thanksgiving,1,0,0,0,0,0,1,0,0,0
theft,0,1,1,0,1,1,0,1,0,0
therapeutic,1,0,0,0,0,0,1,0,0,1
thief,0,1,1,0,1,1,0,1,0,0
think,0,0,0,1,0,0,0,0,0,0
thirst,0,1,0,1,0,0,0,1,0,0
thought,0,0,0,1,0,0,0,0,0,0
thoughtful,1,0,0,0,0,0,0,0,0,1
thoughtless,0,1,1,0,1,0,0,0,0,0
thrash,0,1,1,0,1,1,0,1,0,0
threat,0,1,1,0,0,1,0,0,0,0
threaten,0,1,1,1,0,1,0,0,0,0
threatening,0,1,1,0,1,1,0,0,0,0
thresh,0,1,1,0,0,1,0,1,0,0
thrift,1,1,0,0,1,0,0,0,0,1
thrill,1,1,0,1,0,1,1,0,1,0
thrilling,1,0,0,1,0,0,1,0,1,0
thrive,1,0,0,1,0,0,1,0,0,0
thriving,1,0,0,1,0,0,1,0,0,0
throb,0,1,0,0,0,1,0,1,0,0
thug,0,1,1,0,1,1,0,0,0,0
thump,0,1,1,0,0,0,0,0,0,0
thumping,0,1,0,0,0,1,0,0,0,0
thunder,0,1,1,0,0,1,0,0,0,0
thundering,0,1,1,0,0,1,0,0,0,0
tickle,1,0,0,0,0,0,1,0,1,0
tiff,0,1,1,0,0,0,0,0,0,0
timid,0,1,0,0,0,1,0,1,0,0
timidity,0,1,0,1,0,1,0,0,0,0
tirade,0,1,1,0,1,0,0,0,0,0
tolerate,0,1,1,0,0,0,0,1,0,0
tomb,0,1,0,0,0,0,0,1,0,0
toothache,0,1,0,0,0,0,0,1,0,0
top,1,0,0,1,0,0,0,0,0,1
topple,0,0,0,0,0,0,0,0,1,0
torment,0,1,1,0,0,1,0,1,0,0
torpedo,0,1,1,0,0,0,0,0,0,0
tortious,0,1,1,0,1,0,0,0,0,0
torture,0,1,1,0,1,1,0,1,0,0
touchy,0,1,0,0,0,0,0,1,0,0
tough,0,1,0,0,0,0,0,1,0,0
toxic,0,1,0,0,1,0,0,0,0,0
toxin,0,1,0,0,0,1,0,0,0,0
tragedy,0,1,0,0,0,1,0,1,0,0
traitor,0,1,1,0,1,1,0,1,0,0
tramp,0,1,0,0,1,1,0,1,0,0
tranquil,1,0,0,0,0,0,1,0,0,0
tranquility,1,0,0,0,0,0,1,0,0,1
transcendence,1,0,0,1,0,0,1,0,1,1
trash,0,1,0,0,1,0,0,1,0,0
trashy,0,1,0,0,1,0,0,0,0,0
traumatic,0,1,1,0,0,1,0,1,0,0
travesty,0,1,0,0,1,1,0,1,0,0
treacherous,0,1,1,0,1,1,0,0,0,0
treachery,0,1,1,0,0,1,0,1,1,0
treason,0,1,1,0,1,1,0,0,1,0
treasure,1,0,0,1,0,0,1,0,0,1
treat,0,0,0,0,0,0,0,0,1,0
tree,0,1,1,0,1,0,0,0,0,0
tremble,0,1,0,0,0,1,0,0,0,0
trembling,0,1,0,0,0,1,0,0,0,0
tremor,0,1,1,1,0,1,0,1,0,0
trepidation,0,1,0,1,0,1,0,0,1,0
trespass,0,1,1,0,0,0,0,0,0,0
tribulation,0,1,0,0,0,1,0,1,0,0
trick,0,1,0,0,1,0,0,0,0,0
trickery,0,1,1,0,1,1,0,1,0,0
triumph,1,0,0,1,0,0,1,0,0,0
triumphant,1,0,0,1,0,0,1,0,0,1
trophy,1,0,0,1,0,0,1,0,1,0
troublesome,0,1,1,0,0,1,0,0,0,0
truce,1,0,0,0,0,0,1,0,0,1
trust,1,0,0,0,0,0,0,0,0,1
trustee,1,0,0,0,0,0,0,0,0,1
truth,1,0,0,0,0,0,0,0,0,1
truthful,1,0,0,0,0,0,0,0,0,1
truthfulness,1,0,0,0,0,0,0,0,0,1
tumult,0,1,1,0,0,1,0,0,1,0
tumultuous,0,1,1,0,0,1,0,0,0,0
turbulence,0,1,1,0,0,1,0,0,0,0
turbulent,0,1,1,0,0,0,0,0,0,0
turmoil,0,1,1,0,0,1,0,1,0,0
tussle,0,1,1,0,0,0,0,0,0,0
twinkle,1,0,0,1,0,0,1,0,0,0
tyrannical,0,1,1,0,1,1,0,0,0,0
tyranny,0,1,0,0,0,1,0,1,0,0
tyrant,0,1,1,0,1,1,0,1,0,0
ugliness,0,1,0,0,1,1,0,1,0,0
ugly,0,1,0,0,1,0,0,0,0,0
ulcer,0,1,1,0,1,1,0,1,0,0
ultimate,0,0,0,1,0,0,0,0,0,0
ultimately,0,0,0,1,0,0,0,0,0,0
ultimatum,0,1,1,0,0,1,0,0,0,0
unable,0,1,0,0,0,0,0,1,0,0
unacceptable,0,1,0,0,0,0,0,1,0,0
unaccountable,0,1,0,0,1,0,0,1,0,0
unacknowledged,0,1,0,0,0,0,0,1,0,0
unanticipated,0,0,0,0,0,0,0,0,1,0
unattainable,0,1,1,0,0,0,0,1,0,0
unattractive,0,1,0,0,1,0,0,1,0,0
unbearable,0,1,0,0,1,0,0,1,0,0
unbeaten,1,1,0,1,0,0,1,1,1,0
unbridled,0,1,1,0,0,1,0,0,1,0
unbroken,1,0,0,0,0,0,0,0,0,1
uncanny,0,1,0,0,0,1,0,0,1,0
uncaring,0,1,1,0,1,0,0,1,0,0
unclean,0,1,0,0,1,0,0,0,0,0
unconscionable,0,1,0,0,1,0,0,0,0,0
unconstrained,1,0,0,0,0,0,1,0,0,0
uncontrollable,0,1,1,0,0,0,0,0,1,0
understanding,1,0,0,0,0,0,0,0,0,1
underwrite,1,0,0,0,0,0,0,0,0,1
undesirable,0,1,1,0,1,1,0,1,0,0
undesired,0,1,0,0,0,0,0,1,0,0
undiscovered,0,0,0,0,0,0,0,0,1,0
uneasiness,0,1,0,1,0,0,0,1,0,0
uneasy,0,1,0,0,1,1,0,0,0,0
unequivocal,1,0,0,0,0,0,0,0,0,1
unexpected,1,1,0,0,0,1,1,0,1,0
unexpectedly,0,0,0,0,0,0,0,0,1,0
unfair,0,1,1,0,1,0,0,1,0,0
unfairness,0,1,1,0,0,0,0,1,0,0
unfaithful,0,1,0,0,1,0,0,0,0,0
unfavorable,0,1,0,0,1,0,0,1,0,0
unfold,0,0,0,1,0,0,0,0,0,0
unforeseen,0,0,0,0,0,0,0,0,1,0
unforgiving,0,1,1,0,0,0,0,1,0,0
unfortunate,0,1,0,0,0,0,0,1,0,0
unfriendly,0,1,1,0,1,1,0,1,0,0
unfulfilled,0,1,0,0,0,0,0,1,0,0
ungodly,0,1,0,0,0,0,0,1,0,0
ungrateful,0,1,1,0,1,0,0,0,0,0
unhappiness,0,1,0,0,0,0,0,1,0,0
unhappy,0,1,0,0,0,0,0,1,0,0
unhealthy,0,1,0,0,0,0,0,1,0,0
unification,1,0,0,1,0,0,1,0,0,1
unimaginable,0,0,0,0,0,0,0,0,1,0
unimportant,0,1,0,0,0,0,0,1,0,0
uninspired,0,1,0,0,0,0,0,1,0,0
unintended,0,0,0,0,0,0,0,0,1,0
unintentional,0,0,0,0,0,0,0,0,1,0
unintentionally,0,0,0,0,0,0,0,0,1,0
uninterested,0,1,0,0,0,0,0,1,0,0
uninteresting,0,1,0,0,0,0,0,1,0,0
uninvited,0,1,0,0,0,0,0,1,0,0
united,1,0,0,0,0,0,0,0,0,1
unity,1,0,0,0,0,0,0,0,0,1
unjust,0,1,1,0,0,0,0,0,0,0
unjustifiable,0,1,1,0,1,1,0,0,0,0
unkind,0,1,1,0,1,1,0,1,0,0
unknown,0,1,0,0,0,1,0,0,0,0
unlawful,0,1,1,0,1,1,0,1,0,0
unlucky,0,1,1,0,1,1,0,1,0,0
unmanageable,0,1,0,0,1,0,0,0,0,0
unnatural,0,1,0,0,1,0,0,0,0,0
unpleasant,0,1,0,0,1,0,0,1,0,0
unpopular,0,1,0,0,1,0,0,1,0,0
unprecedented,0,0,0,0,0,0,0,0,1,0
unpredictable,0,0,0,0,0,0,0,0,1,0
unquestioned,1,0,0,0,0,0,0,0,0,1
unreliable,0,1,0,0,1,0,0,0,0,0
unrequited,0,1,0,0,0,0,0,1,0,0
unrest,0,1,0,0,0,1,0,1,0,0
unruly,0,1,1,0,1,1,0,0,0,0
unsafe,0,1,0,0,0,1,0,0,0,0
unsatisfactory,0,1,0,0,1,0,0,0,0,0
unsatisfied,0,1,0,0,1,0,0,1,0,0
unseat,0,1,0,0,0,0,0,1,0,0
unsettle,0,1,1,0,1,1,0,0,0,0
unsightly,0,1,0,0,1,0,0,0,0,0
unstable,0,1,0,0,0,1,0,0,1,0
unsteady,0,1,0,0,0,1,0,0,0,0
unsuccessful,0,1,0,0,0,0,0,1,0,0
unsurpassed,1,1,0,1,0,1,1,0,0,1
unsympathetic,0,1,1,0,0,0,0,0,0,0
untidy,0,1,0,0,1,0,0,0,0,0
untie,1,0,0,0,0,0,1,0,0,0
untoward,0,1,1,0,1,0,0,0,0,0
untrustworthy,0,1,0,0,1,0,0,0,0,0
unwashed,0,1,0,0,1,0,0,0,0,0
unwavering,1,0,0,0,0,0,0,0,0,1
unwelcome,0,1,0,0,0,0,0,1,0,0
unwell,0,1,0,0,0,0,0,1,0,0
unworthy,0,1,0,0,1,0,0,0,0,0
upheaval,0,1,1,0,0,1,0,1,0,0
uplift,1,0,0,1,0,0,1,0,0,1
upright,1,0,0,0,0,0,0,0,0,1
uprising,0,1,1,1,0,1,0,0,0,0
upset,0,1,1,0,0,0,0,1,0,0
urgency,0,1,0,1,0,1,0,0,1,0
urgent,0,1,0,1,0,1,0,0,1,0
usurp,0,1,1,0,0,0,0,0,0,0
utopian,1,0,0,1,0,0,1,0,0,1
vacation,1,0,0,1,0,0,1,0,0,0
vacuous,0,1,0,0,1,0,0,0,0,0
vainly,0,1,0,0,1,0,0,1,0,0
valor,1,0,0,0,0,0,0,0,0,1
vampire,0,1,1,0,1,1,0,0,0,0
vanish,0,0,0,0,0,0,0,0,1,0
vanished,0,1,0,0,0,0,0,1,0,0
veer,0,0,0,0,0,0,0,0,1,0
vehement,0,1,1,0,0,0,0,0,0,0
vendetta,0,1,1,0,0,1,0,1,0,0
venerable,1,0,0,1,0,0,0,0,0,1
vengeance,0,1,1,0,0,0,0,0,0,0
vengeful,0,1,1,0,0,1,0,0,0,0
venomous,0,1,1,0,1,1,0,0,0,0
veracity,1,0,0,0,0,0,0,0,0,1
vermin,0,1,1,0,1,1,0,0,0,0
vernal,1,0,0,0,0,0,1,0,0,0
veteran,1,0,0,0,0,0,0,0,0,1
veto,0,1,1,0,0,0,0,0,0,0
vicious,0,1,1,0,1,0,0,0,0,0
victim,0,1,1,0,0,1,0,1,0,0
victimize,0,1,1,0,1,1,0,1,0,0
victimized,0,1,1,0,1,1,0,1,0,0
victor,1,0,0,0,0,0,1,0,0,0
victorious,1,0,0,0,0,0,1,0,0,0
victory,1,0,0,1,0,0,1,0,0,1
vigilance,0,0,0,1,0,0,0,0,0,0
vigilant,0,0,0,1,0,0,0,0,0,0
villain,0,1,0,0,0,1,0,0,0,0
villainous,0,1,1,0,1,1,0,0,0,0
vindictive,0,1,1,0,1,0,0,0,0,0
violation,0,1,1,0,0,1,0,1,1,0
violence,0,1,1,0,0,1,0,1,0,0
violent,0,1,1,0,1,1,0,0,1,0
violently,0,1,1,0,1,1,0,1,0,0
virgin,1,0,0,0,0,0,0,0,0,1
virtue,1,0,0,0,0,0,0,0,0,1
virtuous,1,0,0,0,0,0,1,0,0,1
virulence,0,1,1,0,0,1,0,0,0,0
vitality,1,0,0,0,0,0,1,0,0,0
vivacious,1,0,0,0,0,0,1,0,0,0
vivid,1,0,0,0,0,0,1,0,0,0
voluptuous,1,0,0,1,0,0,1,0,0,0
vomit,0,1,0,0,1,0,0,0,0,0
votive,1,0,0,0,0,0,0,0,0,1
vouch,1,0,0,0,0,0,0,0,0,1
voucher,1,0,0,0,0,0,0,0,0,1
vow,1,0,0,1,0,0,1,0,0,1
vulgar,0,1,0,0,1,0,0,0,0,0
vulgarity,0,1,1,0,1,0,0,1,0,0
vulnerability,0,1,0,0,0,1,0,1,0,0
waffle,0,1,0,0,0,0,0,1,0,0
wage,0,1,1,0,0,0,0,0,0,0
wail,0,1,0,0,0,0,0,1,0,0
wait,0,0,0,1,0,0,0,0,0,0
wallow,0,1,0,0,0,0,0,1,0,0
wan,0,1,0,0,0,1,0,1,0,0
wane,0,1,0,0,0,0,0,1,0,0
wanting,0,1,0,0,0,0,0,1,0,0
war,0,1,0,0,0,1,0,0,0,0
warfare,0,1,1,0,0,1,0,1,0,0
warlike,0,1,1,0,0,1,0,0,0,0
warlock,0,1,0,0,0,1,0,0,0,0
warn,0,1,0,1,0,1,0,0,1,0
warning,0,1,0,0,0,1,0,0,0,0
warp,0,1,1,0,0,0,0,1,0,0
warranty,1,0,0,0,0,0,0,0,0,1
warrior,0,1,1,0,0,1,0,0,0,0
wary,0,1,0,0,0,1,0,0,0,0
waste,0,1,0,0,1,0,0,0,0,0
wasted,0,1,0,0,1,0,0,1,0,0
wasteful,0,1,0,0,1,0,0,1,0,0
wasting,0,1,0,0,0,0,0,1,0,0
watchman,1,0,0,0,0,0,0,0,0,1
waver,0,1,0,0,0,1,0,0,0,0
weakly,0,1,0,0,0,1,0,1,0,0
wearily,0,1,0,0,0,0,0,1,0,0
weariness,0,1,0,0,0,0,0,1,0,0
weary,0,1,0,0,0,0,0,1,0,0
weeds,0,1,0,0,0,0,0,1,0,0
weep,0,1,0,0,0,0,0,1,0,0
weeping,0,1,0,0,0,0,0,1,0,0
weird,0,1,0,0,1,0,0,0,0,0
weirdo,0,1,0,0,0,1,0,0,0,0
welcome,1,0,0,0,0,0,1,0,0,0
wench,0,1,1,0,1,0,0,0,0,0
whim,1,0,0,1,0,0,1,0,1,0
whimper,0,1,0,0,0,1,0,1,0,0
whine,0,1,0,0,1,0,0,1,0,0
whip,0,1,1,0,0,0,0,0,0,0
wholesome,1,0,0,0,0,0,0,0,0,1
whore,0,1,0,0,1,0,0,0,0,0
wicked,0,1,0,0,1,0,0,0,0,0
wickedness,0,1,0,0,1,0,0,0,0,0
wild,0,0,0,0,0,0,0,0,1,0
willful,0,1,1,0,0,0,0,1,0,0
wimp,0,1,0,0,1,1,0,0,0,0
wimpy,0,1,0,0,1,1,0,0,0,0
win,1,0,0,0,0,0,1,0,1,0
wince,0,1,1,0,1,1,0,1,0,0
winner,1,0,0,0,0,0,1,0,1,0
winning,1,0,0,0,0,0,1,0,1,0
winnings,1,0,0,1,0,0,1,0,0,0
wisdom,1,0,0,0,0,0,0,0,0,1
wishful,0,0,0,1,0,0,0,0,0,0
witch,0,1,1,0,1,1,0,0,0,0
witchcraft,0,1,1,0,0,1,0,1,0,0
wither,0,1,0,0,0,0,0,1,0,0
withered,0,1,0,0,0,0,0,1,0,0
withstand,0,0,0,1,0,0,0,0,0,0
witness,1,0,0,0,0,0,0,0,0,1
witty,1,0,0,0,0,0,1,0,0,0
wizard,0,0,0,1,0,0,0,0,1,0
woe,0,1,0,0,1,1,0,1,0,0
woeful,0,1,0,0,0,0,0,1,0,0
woefully,0,1,0,0,1,0,0,1,0,0
wonderful,1,0,0,0,0,0,1,0,1,0
wonderfully,1,0,0,0,0,0,1,0,1,0
wop,0,1,1,0,0,0,0,0,0,0
worried,0,1,0,0,0,0,0,1,0,0
worry,0,1,0,1,0,1,0,1,0,0
worrying,0,1,0,1,0,1,0,1,0,0
worse,0,1,0,0,0,1,0,1,0,0
worsen,0,1,0,0,1,0,0,1,0,0
worsening,0,1,0,0,1,0,0,1,0,0
worship,1,0,0,1,0,0,1,0,0,1
worthless,0,1,1,0,1,0,0,1,0,0
worthy,1,0,0,0,0,0,0,0,0,1
wound,0,1,1,0,0,1,0,1,0,0
wrangle,0,1,1,0,1,1,0,1,0,0
wrangling,0,1,1,0,1,1,0,1,0,0
wrath,0,1,1,0,0,1,0,0,0,0
wreak,0,1,1,0,0,0,0,0,0,0
wreck,0,1,1,0,1,1,0,1,0,0
wrecked,0,1,1,0,0,1,0,1,0,0
wretch,0,1,1,0,1,0,0,1,0,0
wretched,0,1,0,0,1,0,0,1,0,0
wring,0,1,1,0,0,0,0,0,0,0
wrongdoing,0,1,1,0,1,0,0,1,0,0
wrongful,0,1,1,0,1,0,0,1,0,0
wrongly,0,1,1,0,0,1,0,1,0,0
xenophobia,0,1,0,0,0,1,0,0,0,0
yearn,1,0,0,1,0,0,1,0,0,0
yearning,1,0,0,1,0,0,1,0,0,0
yell,0,1,1,0,0,1,0,0,1,0
yelp,0,1,1,0,0,1,0,0,1,0
young,0,0,0,1,0,0,0,0,0,0
zany,0,0,0,0,0,0,0,0,1,0
zeal,1,0,0,1,0,0,1,0,1,1
zealous,1,0,0,0,0,0,1,0,0,1
zest,1,0,0,1,0,0,1,0,0,1
TRUE,1,0,0,0,0,0,0,0,0,1